event_key,event_label,gender,gender_label,distance_m,rank_num,athlete,team_code,team_name,is_australian,swim_time,time_seconds,world_record_seconds,gap_from_wr_seconds,gap_from_wr_pct,year,age_at_swim,meet_city,host_country_code
F50,Women's 50m Freestyle,F,Women,50,1,Sarah Sjoestroem,SWE,Sweden,No,23.61,23.61,23.61,0.0,0.0,2023,29.9,Fukuoka,JPN
F50,Women's 50m Freestyle,F,Women,50,2,Sarah Sjoestroem,SWE,Sweden,No,23.62,23.62,23.61,0.01,0.042,2023,29.9,Fukuoka,JPN
F50,Women's 50m Freestyle,F,Women,50,3,Sarah Sjoestroem,SWE,Sweden,No,23.66,23.66,23.61,0.05,0.212,2024,31.0,Paris,FRA
F50,Women's 50m Freestyle,F,Women,50,4,Sarah Sjoestroem,SWE,Sweden,No,23.67,23.67,23.61,0.06,0.254,2017,23.9,Budapest,HUN
F50,Women's 50m Freestyle,F,Women,50,5,Sarah Sjoestroem,SWE,Sweden,No,23.69,23.69,23.61,0.08,0.339,2024,30.5,Doha,QAT
F50,Women's 50m Freestyle,F,Women,50,6,Sarah Sjoestroem,SWE,Sweden,No,23.69,23.69,23.61,0.08,0.339,2017,24.0,Budapest,HUN
F50,Women's 50m Freestyle,F,Women,50,7,Sarah Sjoestroem,SWE,Sweden,No,23.71,23.71,23.61,0.1,0.424,2024,31.0,Paris,FRA
F50,Women's 50m Freestyle,F,Women,50,8,Britta Steffen,GER,Germany,No,23.73,23.73,23.61,0.12,0.508,2009,25.7,Rome,ITA
F50,Women's 50m Freestyle,F,Women,50,9,Sarah Sjoestroem,SWE,Sweden,No,23.74,23.74,23.61,0.13,0.551,2018,25.0,Glasgow,GBR
F50,Women's 50m Freestyle,F,Women,50,10,Sarah Sjoestroem,SWE,Sweden,No,23.75,23.75,23.61,0.14,0.593,2024,30.9,Rome,ITA
F50,Women's 50m Freestyle,F,Women,50,11,Pernille Blume,DEN,Denmark,No,23.75,23.75,23.61,0.14,0.593,2018,24.2,Glasgow,GBR
F50,Women's 50m Freestyle,F,Women,50,12,Sarah Sjoestroem,SWE,Sweden,No,23.78,23.78,23.61,0.17,0.72,2019,25.9,Malmo,SWE
F50,Women's 50m Freestyle,F,Women,50,13,Cate Campbell,AUS,Australia,Yes,23.78,23.78,23.61,0.17,0.72,2018,25.9,Gold Coast,AUS
F50,Women's 50m Freestyle,F,Women,50,14,Cate Campbell,AUS,Australia,Yes,23.79,23.79,23.61,0.18,0.762,2018,25.8,Gold Coast,AUS
F50,Women's 50m Freestyle,F,Women,50,15,Emma Mckeon,AUS,Australia,Yes,23.81,23.81,23.61,0.2,0.847,2021,27.2,Tokyo,JPN
F50,Women's 50m Freestyle,F,Women,50,16,Cate Campbell,AUS,Australia,Yes,23.81,23.81,23.61,0.2,0.847,2018,26.2,Tokyo,JPN
F50,Women's 50m Freestyle,F,Women,50,17,Sarah Sjoestroem,SWE,Sweden,No,23.82,23.82,23.61,0.21,0.889,2023,29.8,Monaco,MON
F50,Women's 50m Freestyle,F,Women,50,18,Sarah Sjoestroem,SWE,Sweden,No,23.83,23.83,23.61,0.22,0.932,2018,25.1,Kazan,RUS
F50,Women's 50m Freestyle,F,Women,50,19,Sarah Sjoestroem,SWE,Sweden,No,23.83,23.83,23.61,0.22,0.932,2017,23.6,Stockholm,SWE
F50,Women's 50m Freestyle,F,Women,50,20,Sarah Sjoestroem,SWE,Sweden,No,23.84,23.84,23.61,0.23,0.974,2024,30.8,Monaco,MON
F50,Women's 50m Freestyle,F,Women,50,21,Cate Campbell,AUS,Australia,Yes,23.84,23.84,23.61,0.23,0.974,2016,23.9,Adelaide,AUS
F50,Women's 50m Freestyle,F,Women,50,22,Sarah Sjoestroem,SWE,Sweden,No,23.85,23.85,23.61,0.24,1.017,2024,31.0,Paris,FRA
F50,Women's 50m Freestyle,F,Women,50,23,Pernille Blume,DEN,Denmark,No,23.85,23.85,23.61,0.24,1.017,2018,24.2,Glasgow,GBR
F50,Women's 50m Freestyle,F,Women,50,24,Ranomi Kromowidjojo,NED,Netherlands,No,23.85,23.85,23.61,0.24,1.017,2017,26.9,Budapest,HUN
F50,Women's 50m Freestyle,F,Women,50,25,Sarah Sjoestroem,SWE,Sweden,No,23.85,23.85,23.61,0.24,1.017,2017,23.9,Boras,SWE
F50,Women's 50m Freestyle,F,Women,50,26,Sarah Sjoestroem,SWE,Sweden,No,23.85,23.85,23.61,0.24,1.017,2017,23.8,Canet-en-Roussillon,FRA
F50,Women's 50m Freestyle,F,Women,50,27,Sarah Sjoestroem,SWE,Sweden,No,23.87,23.87,23.61,0.26,1.101,2024,30.4,Luxembourg,LUX
F50,Women's 50m Freestyle,F,Women,50,28,Sarah Sjoestroem,SWE,Sweden,No,23.87,23.87,23.61,0.26,1.101,2017,23.7,Bergen,NOR
F50,Women's 50m Freestyle,F,Women,50,29,Cate Campbell,AUS,Australia,Yes,23.88,23.88,23.61,0.27,1.144,2018,25.9,Gold Coast,AUS
F50,Women's 50m Freestyle,F,Women,50,30,Therese Alshammar,SWE,Sweden,No,23.88,23.88,23.61,0.27,1.144,2009,31.9,Rome,ITA
F50,Women's 50m Freestyle,F,Women,50,31,Sarah Sjoestroem,SWE,Sweden,No,23.90,23.9,23.61,0.29,1.228,2024,30.5,Doha,QAT
F50,Women's 50m Freestyle,F,Women,50,32,Sarah Sjoestroem,SWE,Sweden,No,23.90,23.9,23.61,0.29,1.228,2023,29.8,Monaco,MON
F50,Women's 50m Freestyle,F,Women,50,33,Gretchen Walsh,USA,United States of America,No,23.91,23.91,23.61,0.3,1.271,2025,22.4,Indianapolis,USA
F50,Women's 50m Freestyle,F,Women,50,34,Sarah Sjoestroem,SWE,Sweden,No,23.91,23.91,23.61,0.3,1.271,2024,30.8,Monaco,MON
F50,Women's 50m Freestyle,F,Women,50,35,Sarah Sjoestroem,SWE,Sweden,No,23.91,23.91,23.61,0.3,1.271,2024,30.8,Monaco,MON
F50,Women's 50m Freestyle,F,Women,50,36,Kate Douglass,USA,United States of America,No,23.91,23.91,23.61,0.3,1.271,2024,22.3,Doha,QAT
F50,Women's 50m Freestyle,F,Women,50,37,Sarah Sjoestroem,SWE,Sweden,No,23.91,23.91,23.61,0.3,1.271,2024,30.5,Doha,QAT
F50,Women's 50m Freestyle,F,Women,50,38,Sarah Sjoestroem,SWE,Sweden,No,23.91,23.91,23.61,0.3,1.271,2022,29.0,Rome,ITA
F50,Women's 50m Freestyle,F,Women,50,39,Sarah Sjoestroem,SWE,Sweden,No,23.91,23.91,23.61,0.3,1.271,2019,25.7,Stockholm,SWE
F50,Women's 50m Freestyle,F,Women,50,40,Sarah Sjoestroem,SWE,Sweden,No,23.92,23.92,23.61,0.31,1.313,2023,29.7,Stockholm,SWE
F50,Women's 50m Freestyle,F,Women,50,41,Sarah Sjoestroem,SWE,Sweden,No,23.92,23.92,23.61,0.31,1.313,2018,25.0,Glasgow,GBR
F50,Women's 50m Freestyle,F,Women,50,42,Pernille Blume,DEN,Denmark,No,23.92,23.92,23.61,0.31,1.313,2018,24.1,Rome,ITA
F50,Women's 50m Freestyle,F,Women,50,43,Sarah Sjoestroem,SWE,Sweden,No,23.93,23.93,23.61,0.32,1.355,2023,29.9,Fukuoka,JPN
F50,Women's 50m Freestyle,F,Women,50,44,Sarah Sjoestroem,SWE,Sweden,No,23.93,23.93,23.61,0.32,1.355,2023,29.9,Rome,ITA
F50,Women's 50m Freestyle,F,Women,50,45,Emma Mckeon,AUS,Australia,Yes,23.93,23.93,23.61,0.32,1.355,2021,27.1,Adelaide,AUS
F50,Women's 50m Freestyle,F,Women,50,46,Cate Campbell,AUS,Australia,Yes,23.94,23.94,23.61,0.33,1.398,2021,29.1,Adelaide,AUS
F50,Women's 50m Freestyle,F,Women,50,47,Katarzyna Wasick,POL,Poland,No,23.95,23.95,23.61,0.34,1.44,2024,31.9,Doha,QAT
F50,Women's 50m Freestyle,F,Women,50,48,Sarah Sjoestroem,SWE,Sweden,No,23.95,23.95,23.61,0.34,1.44,2023,30.1,Berlin,GER
F50,Women's 50m Freestyle,F,Women,50,49,Sarah Sjoestroem,SWE,Sweden,No,23.95,23.95,23.61,0.34,1.44,2017,23.8,Monaco,MON
F50,Women's 50m Freestyle,F,Women,50,50,Sarah Sjoestroem,SWE,Sweden,No,23.96,23.96,23.61,0.35,1.482,2018,24.9,Landskrona,SWE
F50,Women's 50m Freestyle,F,Women,50,51,Sarah Sjoestroem,SWE,Sweden,No,23.96,23.96,23.61,0.35,1.482,2017,23.8,Barcelona,ESP
F50,Women's 50m Freestyle,F,Women,50,52,Cate Campbell,AUS,Australia,Yes,23.96,23.96,23.61,0.35,1.482,2014,22.3,Gold Coast,AUS
F50,Women's 50m Freestyle,F,Women,50,53,Fran Halsall,GBR,Great Britain,No,23.96,23.96,23.61,0.35,1.482,2014,24.3,Glasgow,GBR
F50,Women's 50m Freestyle,F,Women,50,54,Magdalena Veldhuis,NED,Netherlands,No,23.96,23.96,23.61,0.35,1.482,2009,29.8,Amsterdam,NED
F50,Women's 50m Freestyle,F,Women,50,55,Meg Harris,AUS,Australia,Yes,23.97,23.97,23.61,0.36,1.525,2024,22.4,Paris,FRA
F50,Women's 50m Freestyle,F,Women,50,56,Sarah Sjoestroem,SWE,Sweden,No,23.97,23.97,23.61,0.36,1.525,2023,30.2,Budapest,HUN
F50,Women's 50m Freestyle,F,Women,50,57,Xiang Liu,CHN,People's Republic of China,No,23.97,23.97,23.61,0.36,1.525,2021,25.1,Xi'an,CHN
F50,Women's 50m Freestyle,F,Women,50,58,Ranomi Kromowidjojo,NED,Netherlands,No,23.97,23.97,23.61,0.36,1.525,2021,30.7,Budapest,HUN
F50,Women's 50m Freestyle,F,Women,50,59,Sarah Sjoestroem,SWE,Sweden,No,23.97,23.97,23.61,0.36,1.525,2019,25.7,Budapest,HUN
F50,Women's 50m Freestyle,F,Women,50,60,Simone Manuel,USA,United States of America,No,23.97,23.97,23.61,0.36,1.525,2017,21.0,Budapest,HUN
F50,Women's 50m Freestyle,F,Women,50,61,Libby Lenton,AUS,Australia,Yes,23.97,23.97,23.61,0.36,1.525,2008,23.2,Sydney,AUS
F50,Women's 50m Freestyle,F,Women,50,62,Torri Huske,USA,United States of America,No,23.98,23.98,23.61,0.37,1.567,2025,22.5,Indianapolis,USA
F50,Women's 50m Freestyle,F,Women,50,63,Sarah Sjoestroem,SWE,Sweden,No,23.98,23.98,23.61,0.37,1.567,2022,28.9,Budapest,HUN
F50,Women's 50m Freestyle,F,Women,50,64,Pernille Blume,DEN,Denmark,No,23.98,23.98,23.61,0.37,1.567,2018,24.2,Glasgow,GBR
F50,Women's 50m Freestyle,F,Women,50,65,Sarah Sjoestroem,SWE,Sweden,No,23.98,23.98,23.61,0.37,1.567,2014,20.9,Boras,SWE
F50,Women's 50m Freestyle,F,Women,50,66,Shayna Jack,AUS,Australia,Yes,23.99,23.99,23.61,0.38,1.609,2024,25.6,Brisbane,AUS
F50,Women's 50m Freestyle,F,Women,50,67,Emma Mckeon,AUS,Australia,Yes,23.99,23.99,23.61,0.38,1.609,2022,28.2,Birmingham,GBR
F50,Women's 50m Freestyle,F,Women,50,68,Sarah Sjoestroem,SWE,Sweden,No,23.99,23.99,23.61,0.38,1.609,2018,25.1,Doha,QAT
F50,Women's 50m Freestyle,F,Women,50,69,Cate Campbell,AUS,Australia,Yes,23.99,23.99,23.61,0.38,1.609,2009,17.2,Rome,ITA
F50,Women's 50m Freestyle,F,Women,50,70,Magdalena Veldhuis,NED,Netherlands,No,23.99,23.99,23.61,0.38,1.609,2009,30.1,Rome,ITA
F50,Women's 50m Freestyle,F,Women,50,71,Abbey Weitzeil,USA,United States of America,No,24.00,24.0,23.61,0.39,1.652,2023,26.6,Indianapolis,USA
F50,Women's 50m Freestyle,F,Women,50,72,Emma Mckeon,AUS,Australia,Yes,24.00,24.0,23.61,0.39,1.652,2021,27.2,Tokyo,JPN
F50,Women's 50m Freestyle,F,Women,50,73,Cate Campbell,AUS,Australia,Yes,24.00,24.0,23.61,0.39,1.652,2019,26.9,Guangzhou,CHN
F50,Women's 50m Freestyle,F,Women,50,74,Pernille Blume,DEN,Denmark,No,24.00,24.0,23.61,0.39,1.652,2017,23.2,Budapest,HUN
F50,Women's 50m Freestyle,F,Women,50,75,Cate Campbell,AUS,Australia,Yes,24.00,24.0,23.61,0.39,1.652,2014,22.2,Glasgow,GBR
F50,Women's 50m Freestyle,F,Women,50,76,Katarzyna Wasick,POL,Poland,No,24.01,24.01,23.61,0.4,1.694,2024,31.9,Doha,QAT
F50,Women's 50m Freestyle,F,Women,50,77,Shayna Jack,AUS,Australia,Yes,24.01,24.01,23.61,0.4,1.694,2023,24.7,Fukuoka,JPN
F50,Women's 50m Freestyle,F,Women,50,78,Sarah Sjoestroem,SWE,Sweden,No,24.01,24.01,23.61,0.4,1.694,2017,23.6,Stockholm,SWE
F50,Women's 50m Freestyle,F,Women,50,79,Sarah Sjoestroem,SWE,Sweden,No,24.01,24.01,23.61,0.4,1.694,2017,23.5,Luxembourg,LUX
F50,Women's 50m Freestyle,F,Women,50,80,Meg Harris,AUS,Australia,Yes,24.02,24.02,23.61,0.41,1.737,2025,23.4,Singapore,SGP
F50,Women's 50m Freestyle,F,Women,50,81,Shayna Jack,AUS,Australia,Yes,24.02,24.02,23.61,0.41,1.737,2024,25.6,Brisbane,AUS
F50,Women's 50m Freestyle,F,Women,50,82,Shayna Jack,AUS,Australia,Yes,24.02,24.02,23.61,0.41,1.737,2023,24.7,Fukuoka,JPN
F50,Women's 50m Freestyle,F,Women,50,83,Sarah Sjoestroem,SWE,Sweden,No,24.02,24.02,23.61,0.41,1.737,2023,29.7,Canet-en-Roussillon,FRA
F50,Women's 50m Freestyle,F,Women,50,84,Emma Mckeon,AUS,Australia,Yes,24.02,24.02,23.61,0.41,1.737,2021,27.2,Tokyo,JPN
F50,Women's 50m Freestyle,F,Women,50,85,Cate Campbell,AUS,Australia,Yes,24.02,24.02,23.61,0.41,1.737,2019,27.2,Singapore,SGP
F50,Women's 50m Freestyle,F,Women,50,86,Sarah Sjoestroem,SWE,Sweden,No,24.03,24.03,23.61,0.42,1.779,2023,29.8,Monaco,MON
F50,Women's 50m Freestyle,F,Women,50,87,Xiang Liu,CHN,People's Republic of China,No,24.03,24.03,23.61,0.42,1.779,2020,23.4,Beijing,CHN
F50,Women's 50m Freestyle,F,Women,50,88,Cate Campbell,AUS,Australia,Yes,24.03,24.03,23.61,0.42,1.779,2015,22.7,Perth,AUS
F50,Women's 50m Freestyle,F,Women,50,89,Kate Douglass,USA,United States of America,No,24.04,24.04,23.61,0.43,1.821,2025,23.6,Indianapolis,USA
F50,Women's 50m Freestyle,F,Women,50,90,Cate Campbell,AUS,Australia,Yes,24.04,24.04,23.61,0.43,1.821,2021,29.1,Adelaide,AUS
F50,Women's 50m Freestyle,F,Women,50,91,Xiang Liu,CHN,People's Republic of China,No,24.04,24.04,23.61,0.43,1.821,2020,23.4,Shenzen,CHN
F50,Women's 50m Freestyle,F,Women,50,92,Xiang Liu,CHN,People's Republic of China,No,24.04,24.04,23.61,0.43,1.821,2017,21.0,Tianjin,CHN
F50,Women's 50m Freestyle,F,Women,50,93,Cate Campbell,AUS,Australia,Yes,24.04,24.04,23.61,0.43,1.821,2016,24.1,Brisbane,AUS
F50,Women's 50m Freestyle,F,Women,50,94,Sarah Sjoestroem,SWE,Sweden,No,24.05,24.05,23.61,0.44,1.864,2024,30.6,Stockholm,SWE
F50,Women's 50m Freestyle,F,Women,50,95,Simone Manuel,USA,United States of America,No,24.05,24.05,23.61,0.44,1.864,2019,23.0,Gwangju,KOR
F50,Women's 50m Freestyle,F,Women,50,96,Sarah Sjoestroem,SWE,Sweden,No,24.05,24.05,23.61,0.44,1.864,2019,25.9,Gwangju,KOR
F50,Women's 50m Freestyle,F,Women,50,97,Cate Campbell,AUS,Australia,Yes,24.05,24.05,23.61,0.44,1.864,2019,27.1,Brisbane,AUS
F50,Women's 50m Freestyle,F,Women,50,98,Pernille Blume,DEN,Denmark,No,24.05,24.05,23.61,0.44,1.864,2018,24.1,Monaco,MON
F50,Women's 50m Freestyle,F,Women,50,99,Pernille Blume,DEN,Denmark,No,24.05,24.05,23.61,0.44,1.864,2017,23.2,Budapest,HUN
F50,Women's 50m Freestyle,F,Women,50,100,Ranomi Kromowidjojo,NED,Netherlands,No,24.05,24.05,23.61,0.44,1.864,2013,23.0,Barcelona,ESP
F50,Women's 50m Freestyle,F,Women,50,101,Ranomi Kromowidjojo,NED,Netherlands,No,24.05,24.05,23.61,0.44,1.864,2012,22.0,London,GBR
F50,Women's 50m Freestyle,F,Women,50,102,Sarah Sjoestroem,SWE,Sweden,No,24.06,24.06,23.61,0.45,1.906,2024,30.9,Rome,ITA
F50,Women's 50m Freestyle,F,Women,50,103,Gretchen Walsh,USA,United States of America,No,24.06,24.06,23.61,0.45,1.906,2024,21.4,Indianapolis,USA
F50,Women's 50m Freestyle,F,Women,50,104,Sarah Sjoestroem,SWE,Sweden,No,24.06,24.06,23.61,0.45,1.906,2022,28.8,Monaco,MON
F50,Women's 50m Freestyle,F,Women,50,105,Pernille Blume,DEN,Denmark,No,24.06,24.06,23.61,0.45,1.906,2021,27.0,Budapest,HUN
F50,Women's 50m Freestyle,F,Women,50,106,Britta Steffen,GER,Germany,No,24.06,24.06,23.61,0.45,1.906,2008,24.8,Beijing,CHN
F50,Women's 50m Freestyle,F,Women,50,107,Sarah Sjoestroem,SWE,Sweden,No,24.07,24.07,23.61,0.46,1.948,2021,28.0,Tokyo,JPN
F50,Women's 50m Freestyle,F,Women,50,108,Sarah Sjoestroem,SWE,Sweden,No,24.07,24.07,23.61,0.46,1.948,2019,25.9,Gwangju,KOR
F50,Women's 50m Freestyle,F,Women,50,109,Pernille Blume,DEN,Denmark,No,24.07,24.07,23.61,0.46,1.948,2016,22.3,Rio de Janeiro,BRA
F50,Women's 50m Freestyle,F,Women,50,110,Ranomi Kromowidjojo,NED,Netherlands,No,24.07,24.07,23.61,0.46,1.948,2016,25.8,London,GBR
F50,Women's 50m Freestyle,F,Women,50,111,Ranomi Kromowidjojo,NED,Netherlands,No,24.07,24.07,23.61,0.46,1.948,2012,22.0,London,GBR
F50,Women's 50m Freestyle,F,Women,50,112,Dara Torres,USA,United States of America,No,24.07,24.07,23.61,0.46,1.948,2008,41.3,Beijing,CHN
F50,Women's 50m Freestyle,F,Women,50,113,Sarah Sjoestroem,SWE,Sweden,No,24.08,24.08,23.61,0.47,1.991,2024,30.6,Stockholm,SWE
F50,Women's 50m Freestyle,F,Women,50,114,Sarah Sjoestroem,SWE,Sweden,No,24.08,24.08,23.61,0.47,1.991,2022,28.8,Monaco,MON
F50,Women's 50m Freestyle,F,Women,50,115,Pernille Blume,DEN,Denmark,No,24.08,24.08,23.61,0.47,1.991,2021,27.2,Tokyo,JPN
F50,Women's 50m Freestyle,F,Women,50,116,Cate Campbell,AUS,Australia,Yes,24.08,24.08,23.61,0.47,1.991,2019,27.5,Kazan,RUS
F50,Women's 50m Freestyle,F,Women,50,117,Pernille Blume,DEN,Denmark,No,24.08,24.08,23.61,0.47,1.991,2019,25.0,Indianapolis,USA
F50,Women's 50m Freestyle,F,Women,50,118,Sarah Sjoestroem,SWE,Sweden,No,24.08,24.08,23.61,0.47,1.991,2018,24.6,Stockholm,SWE
F50,Women's 50m Freestyle,F,Women,50,119,Sarah Sjoestroem,SWE,Sweden,No,24.08,24.08,23.61,0.47,1.991,2018,24.6,Stockholm,SWE
F50,Women's 50m Freestyle,F,Women,50,120,Sarah Sjoestroem,SWE,Sweden,No,24.08,24.08,23.61,0.47,1.991,2017,23.9,Budapest,HUN
F50,Women's 50m Freestyle,F,Women,50,121,Cate Campbell,AUS,Australia,Yes,24.08,24.08,23.61,0.47,1.991,2009,17.2,Rome,ITA
F50,Women's 50m Freestyle,F,Women,50,122,Torri Huske,USA,United States of America,No,24.09,24.09,23.61,0.48,2.033,2024,21.5,Indianapolis,USA
F50,Women's 50m Freestyle,F,Women,50,123,Shayna Jack,AUS,Australia,Yes,24.09,24.09,23.61,0.48,2.033,2023,25.1,Brisbane,AUS
F50,Women's 50m Freestyle,F,Women,50,124,Pernille Blume,DEN,Denmark,No,24.09,24.09,23.61,0.48,2.033,2021,27.1,Canet-en-Roussillon,FRA
F50,Women's 50m Freestyle,F,Women,50,125,Cate Campbell,AUS,Australia,Yes,24.09,24.09,23.61,0.48,2.033,2019,27.2,Gwangju,KOR
F50,Women's 50m Freestyle,F,Women,50,126,Pernille Blume,DEN,Denmark,No,24.09,24.09,23.61,0.48,2.033,2019,25.1,Rome,ITA
F50,Women's 50m Freestyle,F,Women,50,127,Simone Manuel,USA,United States of America,No,24.09,24.09,23.61,0.48,2.033,2016,20.0,Rio de Janeiro,BRA
F50,Women's 50m Freestyle,F,Women,50,128,Magdalena Veldhuis,NED,Netherlands,No,24.09,24.09,23.61,0.48,2.033,2008,28.7,Eindhoven,NED
F50,Women's 50m Freestyle,F,Women,50,129,Sarah Sjoestroem,SWE,Sweden,No,24.10,24.1,23.61,0.49,2.075,2023,30.2,Athens,GRE
F50,Women's 50m Freestyle,F,Women,50,130,Cate Campbell,AUS,Australia,Yes,24.10,24.1,23.61,0.49,2.075,2023,31.4,Berlin,GER
F50,Women's 50m Freestyle,F,Women,50,131,Shayna Jack,AUS,Australia,Yes,24.10,24.1,23.61,0.49,2.075,2023,24.7,Fukuoka,JPN
F50,Women's 50m Freestyle,F,Women,50,132,Sarah Sjoestroem,SWE,Sweden,No,24.10,24.1,23.61,0.49,2.075,2023,29.6,Nice,FRA
F50,Women's 50m Freestyle,F,Women,50,133,Simone Manuel,USA,United States of America,No,24.10,24.1,23.61,0.49,2.075,2018,22.0,Irvine,USA
F50,Women's 50m Freestyle,F,Women,50,134,Ranomi Kromowidjojo,NED,Netherlands,No,24.10,24.1,23.61,0.49,2.075,2012,21.6,Eindhoven,NED
F50,Women's 50m Freestyle,F,Women,50,135,Cate Campbell,AUS,Australia,Yes,24.11,24.11,23.61,0.5,2.118,2023,31.4,Berlin,GER
F50,Women's 50m Freestyle,F,Women,50,136,Katarzyna Wasick,POL,Poland,No,24.11,24.11,23.61,0.5,2.118,2022,30.3,Budapest,HUN
F50,Women's 50m Freestyle,F,Women,50,137,Sarah Sjoestroem,SWE,Sweden,No,24.11,24.11,23.61,0.5,2.118,2022,28.8,Canet-en-Roussillon,FRA
F50,Women's 50m Freestyle,F,Women,50,138,Sarah Sjoestroem,SWE,Sweden,No,24.11,24.11,23.61,0.5,2.118,2022,28.8,Monaco,MON
F50,Women's 50m Freestyle,F,Women,50,139,Ranomi Kromowidjojo,NED,Netherlands,No,24.11,24.11,23.61,0.5,2.118,2021,30.6,Eindhoven,NED
F50,Women's 50m Freestyle,F,Women,50,140,Cate Campbell,AUS,Australia,Yes,24.11,24.11,23.61,0.5,2.118,2021,28.8,Sydney,AUS
F50,Women's 50m Freestyle,F,Women,50,141,Cate Campbell,AUS,Australia,Yes,24.11,24.11,23.61,0.5,2.118,2019,27.5,Doha,QAT
F50,Women's 50m Freestyle,F,Women,50,142,Cate Campbell,AUS,Australia,Yes,24.11,24.11,23.61,0.5,2.118,2019,27.2,Gwangju,KOR
F50,Women's 50m Freestyle,F,Women,50,143,Sarah Sjoestroem,SWE,Sweden,No,24.11,24.11,23.61,0.5,2.118,2019,25.7,Guangzhou,CHN
F50,Women's 50m Freestyle,F,Women,50,144,Sarah Sjoestroem,SWE,Sweden,No,24.11,24.11,23.61,0.5,2.118,2019,25.6,Bergen,NOR
F50,Women's 50m Freestyle,F,Women,50,145,Aliaksandra Herasimenia,BLR,Belarus,No,24.11,24.11,23.61,0.5,2.118,2016,30.6,Rio de Janeiro,BRA
F50,Women's 50m Freestyle,F,Women,50,146,Fran Halsall,GBR,Great Britain,No,24.11,24.11,23.61,0.5,2.118,2009,19.3,Rome,ITA
F50,Women's 50m Freestyle,F,Women,50,147,Pernille Blume,DEN,Denmark,No,24.12,24.12,23.61,0.51,2.16,2021,27.2,Tokyo,JPN
F50,Women's 50m Freestyle,F,Women,50,148,Pernille Blume,DEN,Denmark,No,24.12,24.12,23.61,0.51,2.16,2019,25.2,Gwangju,KOR
F50,Women's 50m Freestyle,F,Women,50,149,Cate Campbell,AUS,Australia,Yes,24.12,24.12,23.61,0.51,2.16,2018,26.1,Adelaide,AUS
F50,Women's 50m Freestyle,F,Women,50,150,Simone Manuel,USA,United States of America,No,24.12,24.12,23.61,0.51,2.16,2017,21.0,Budapest,HUN
F50,Women's 50m Freestyle,F,Women,50,151,Cate Campbell,AUS,Australia,Yes,24.12,24.12,23.61,0.51,2.16,2015,23.6,Brisbane,AUS
F50,Women's 50m Freestyle,F,Women,50,152,Bronte Campbell,AUS,Australia,Yes,24.12,24.12,23.61,0.51,2.16,2015,21.2,Kazan,RUS
F50,Women's 50m Freestyle,F,Women,50,153,Simone Manuel,USA,United States of America,No,24.13,24.13,23.61,0.52,2.202,2024,27.9,Indianapolis,USA
F50,Women's 50m Freestyle,F,Women,50,154,Sarah Sjoestroem,SWE,Sweden,No,24.13,24.13,23.61,0.52,2.202,2021,28.0,Tokyo,JPN
F50,Women's 50m Freestyle,F,Women,50,155,Sarah Sjoestroem,SWE,Sweden,No,24.13,24.13,23.61,0.52,2.202,2017,24.0,Rome,ITA
F50,Women's 50m Freestyle,F,Women,50,156,Pernille Blume,DEN,Denmark,No,24.13,24.13,23.61,0.52,2.202,2017,23.1,Rome,ITA
F50,Women's 50m Freestyle,F,Women,50,157,Fran Halsall,GBR,Great Britain,No,24.13,24.13,23.61,0.52,2.202,2016,26.3,Rio de Janeiro,BRA
F50,Women's 50m Freestyle,F,Women,50,158,Cate Campbell,AUS,Australia,Yes,24.13,24.13,23.61,0.52,2.202,2014,21.9,Brisbane,AUS
F50,Women's 50m Freestyle,F,Women,50,159,Fran Halsall,GBR,Great Britain,No,24.13,24.13,23.61,0.52,2.202,2012,21.9,London,GBR
F50,Women's 50m Freestyle,F,Women,50,160,Inge De Bruijn,NED,Netherlands,No,24.13,24.13,23.61,0.52,2.202,2000,27.1,Sydney,AUS
F50,Women's 50m Freestyle,F,Women,50,161,Sarah Sjoestroem,SWE,Sweden,No,24.14,24.14,23.61,0.53,2.245,2024,30.8,Monaco,MON
F50,Women's 50m Freestyle,F,Women,50,162,Sarah Sjoestroem,SWE,Sweden,No,24.14,24.14,23.61,0.53,2.245,2023,30.2,Budapest,HUN
F50,Women's 50m Freestyle,F,Women,50,163,Shayna Jack,AUS,Australia,Yes,24.14,24.14,23.61,0.53,2.245,2022,23.5,Adelaide,AUS
F50,Women's 50m Freestyle,F,Women,50,164,Ranomi Kromowidjojo,NED,Netherlands,No,24.14,24.14,23.61,0.53,2.245,2021,30.7,Budapest,HUN
F50,Women's 50m Freestyle,F,Women,50,165,Sarah Sjoestroem,SWE,Sweden,No,24.14,24.14,23.61,0.53,2.245,2020,26.4,Luxembourg,LUX
F50,Women's 50m Freestyle,F,Women,50,166,Pernille Blume,DEN,Denmark,No,24.14,24.14,23.61,0.53,2.245,2019,25.2,Gwangju,KOR
F50,Women's 50m Freestyle,F,Women,50,167,Sarah Sjoestroem,SWE,Sweden,No,24.14,24.14,23.61,0.53,2.245,2018,25.0,Glasgow,GBR
F50,Women's 50m Freestyle,F,Women,50,168,Sarah Sjoestroem,SWE,Sweden,No,24.14,24.14,23.61,0.53,2.245,2018,24.7,Bergen,NOR
F50,Women's 50m Freestyle,F,Women,50,169,Fran Halsall,GBR,Great Britain,No,24.14,24.14,23.61,0.53,2.245,2014,24.3,Glasgow,GBR
F50,Women's 50m Freestyle,F,Women,50,170,Cate Campbell,AUS,Australia,Yes,24.14,24.14,23.61,0.53,2.245,2013,21.2,Barcelona,ESP
F50,Women's 50m Freestyle,F,Women,50,171,Ranomi Kromowidjojo,NED,Netherlands,No,24.14,24.14,23.61,0.53,2.245,2012,21.6,Eindhoven,NED
F50,Women's 50m Freestyle,F,Women,50,172,Therese Alshammar,SWE,Sweden,No,24.14,24.14,23.61,0.53,2.245,2011,33.9,Shanghai,CHN
F50,Women's 50m Freestyle,F,Women,50,173,Gretchen Walsh,USA,United States of America,No,24.15,24.15,23.61,0.54,2.287,2024,21.4,Indianapolis,USA
F50,Women's 50m Freestyle,F,Women,50,174,Yufei Zhang,CHN,People's Republic of China,No,24.15,24.15,23.61,0.54,2.287,2023,25.3,Fukuoka,JPN
F50,Women's 50m Freestyle,F,Women,50,175,Sarah Sjoestroem,SWE,Sweden,No,24.15,24.15,23.61,0.54,2.287,2022,28.9,Budapest,HUN
F50,Women's 50m Freestyle,F,Women,50,176,Cate Campbell,AUS,Australia,Yes,24.15,24.15,23.61,0.54,2.287,2021,29.2,Tokyo,JPN
F50,Women's 50m Freestyle,F,Women,50,177,Cate Campbell,AUS,Australia,Yes,24.15,24.15,23.61,0.54,2.287,2018,25.7,Sydney,AUS
F50,Women's 50m Freestyle,F,Women,50,178,Pernille Blume,DEN,Denmark,No,24.15,24.15,23.61,0.54,2.287,2017,22.9,Stockholm,SWE
F50,Women's 50m Freestyle,F,Women,50,179,Pernille Blume,DEN,Denmark,No,24.15,24.15,23.61,0.54,2.287,2017,22.9,Bronshoj,DEN
F50,Women's 50m Freestyle,F,Women,50,180,Cate Campbell,AUS,Australia,Yes,24.15,24.15,23.61,0.54,2.287,2016,24.2,Rio de Janeiro,BRA
F50,Women's 50m Freestyle,F,Women,50,181,Sarah Sjoestroem,SWE,Sweden,No,24.15,24.15,23.61,0.54,2.287,2014,20.6,Eindhoven,NED
F50,Women's 50m Freestyle,F,Women,50,182,Cate Campbell,AUS,Australia,Yes,24.16,24.16,23.61,0.55,2.33,2019,27.2,Jinan,CHN
F50,Women's 50m Freestyle,F,Women,50,183,Meg Harris,AUS,Australia,Yes,24.17,24.17,23.61,0.56,2.372,2025,23.3,Adelaide,AUS
F50,Women's 50m Freestyle,F,Women,50,184,Gretchen Walsh,USA,United States of America,No,24.17,24.17,23.61,0.56,2.372,2024,21.5,Paris,FRA
F50,Women's 50m Freestyle,F,Women,50,185,Katarzyna Wasick,POL,Poland,No,24.17,24.17,23.61,0.56,2.372,2022,30.4,Irvine,USA
F50,Women's 50m Freestyle,F,Women,50,186,Pernille Blume,DEN,Denmark,No,24.17,24.17,23.61,0.56,2.372,2021,27.1,Rome,ITA
F50,Women's 50m Freestyle,F,Women,50,187,Katarzyna Wasick,POL,Poland,No,24.17,24.17,23.61,0.56,2.372,2021,29.2,Budapest,HUN
F50,Women's 50m Freestyle,F,Women,50,188,Pernille Blume,DEN,Denmark,No,24.17,24.17,23.61,0.56,2.372,2021,27.0,Budapest,HUN
F50,Women's 50m Freestyle,F,Women,50,189,Claire Curzan,USA,United States of America,No,24.17,24.17,23.61,0.56,2.372,2021,16.9,Cary,USA
F50,Women's 50m Freestyle,F,Women,50,190,Emma Mckeon,AUS,Australia,Yes,24.17,24.17,23.61,0.56,2.372,2021,26.8,Sydney,AUS
F50,Women's 50m Freestyle,F,Women,50,191,Bronte Campbell,AUS,Australia,Yes,24.17,24.17,23.61,0.56,2.372,2019,25.1,Brisbane,AUS
F50,Women's 50m Freestyle,F,Women,50,192,Sarah Sjoestroem,SWE,Sweden,No,24.17,24.17,23.61,0.56,2.372,2016,22.4,Austin,USA
F50,Women's 50m Freestyle,F,Women,50,193,Cate Campbell,AUS,Australia,Yes,24.17,24.17,23.61,0.56,2.372,2014,22.2,Glasgow,GBR
F50,Women's 50m Freestyle,F,Women,50,194,Cate Campbell,AUS,Australia,Yes,24.17,24.17,23.61,0.56,2.372,2008,16.2,Beijing,CHN
F50,Women's 50m Freestyle,F,Women,50,195,Qingfeng Wu,CHN,People's Republic of China,No,24.18,24.18,23.61,0.57,2.414,2025,22.3,Shenzhen,CHN
F50,Women's 50m Freestyle,F,Women,50,196,Katarzyna Wasick,POL,Poland,No,24.18,24.18,23.61,0.57,2.414,2023,31.7,Rotterdam,NED
F50,Women's 50m Freestyle,F,Women,50,197,Katarzyna Wasick,POL,Poland,No,24.18,24.18,23.61,0.57,2.414,2022,30.3,Budapest,HUN
F50,Women's 50m Freestyle,F,Women,50,198,Sarah Sjoestroem,SWE,Sweden,No,24.18,24.18,23.61,0.57,2.414,2019,25.8,Indianapolis,USA
F50,Women's 50m Freestyle,F,Women,50,199,Sarah Sjoestroem,SWE,Sweden,No,24.18,24.18,23.61,0.57,2.414,2018,24.9,Rome,ITA
F50,Women's 50m Freestyle,F,Women,50,200,Cate Campbell,AUS,Australia,Yes,24.18,24.18,23.61,0.57,2.414,2014,21.9,Brisbane,AUS
F100,Women's 100m Freestyle,F,Women,100,1,Sarah Sjoestroem,SWE,Sweden,No,51.71,51.71,51.71,0.0,0.0,2017,23.9,Budapest,HUN
F100,Women's 100m Freestyle,F,Women,100,2,Emma Mckeon,AUS,Australia,Yes,51.96,51.96,51.71,0.25,0.483,2021,27.2,Tokyo,JPN
F100,Women's 100m Freestyle,F,Women,100,3,Siobhan Haughey,HKG,"Hong Kong, China",No,52.02,52.02,51.71,0.31,0.599,2023,25.9,Berlin,GER
F100,Women's 100m Freestyle,F,Women,100,4,Cate Campbell,AUS,Australia,Yes,52.03,52.03,51.71,0.32,0.619,2018,26.2,Tokyo,JPN
F100,Women's 100m Freestyle,F,Women,100,5,Simone Manuel,USA,United States of America,No,52.04,52.04,51.71,0.33,0.638,2019,23.0,Gwangju,KOR
F100,Women's 100m Freestyle,F,Women,100,6,Cate Campbell,AUS,Australia,Yes,52.06,52.06,51.71,0.35,0.677,2016,24.1,Brisbane,AUS
F100,Women's 100m Freestyle,F,Women,100,7,Britta Steffen,GER,Germany,No,52.07,52.07,51.71,0.36,0.696,2009,25.7,Rome,ITA
F100,Women's 100m Freestyle,F,Women,100,8,Mollie O'callaghan,AUS,Australia,Yes,52.08,52.08,51.71,0.37,0.716,2023,19.3,Fukuoka,JPN
F100,Women's 100m Freestyle,F,Women,100,9,Sarah Sjoestroem,SWE,Sweden,No,52.08,52.08,51.71,0.37,0.716,2017,23.8,Canet-en-Roussillon,FRA
F100,Women's 100m Freestyle,F,Women,100,10,Cate Campbell,AUS,Australia,Yes,52.12,52.12,51.71,0.41,0.793,2019,27.1,Brisbane,AUS
F100,Women's 100m Freestyle,F,Women,100,11,Emma Mckeon,AUS,Australia,Yes,52.13,52.13,51.71,0.42,0.812,2021,27.2,Tokyo,JPN
F100,Women's 100m Freestyle,F,Women,100,12,Sarah Sjoestroem,SWE,Sweden,No,52.16,52.16,51.71,0.45,0.87,2024,31.0,Paris,FRA
F100,Women's 100m Freestyle,F,Women,100,13,Mollie O'callaghan,AUS,Australia,Yes,52.16,52.16,51.71,0.45,0.87,2023,19.3,Fukuoka,JPN
F100,Women's 100m Freestyle,F,Women,100,14,Siobhan Haughey,HKG,"Hong Kong, China",No,52.17,52.17,51.71,0.46,0.89,2023,25.9,Hangzhou,CHN
F100,Women's 100m Freestyle,F,Women,100,15,Emma Mckeon,AUS,Australia,Yes,52.19,52.19,51.71,0.48,0.928,2021,27.1,Adelaide,AUS
F100,Women's 100m Freestyle,F,Women,100,16,Britta Steffen,GER,Germany,No,52.22,52.22,51.71,0.51,0.986,2009,25.7,Rome,ITA
F100,Women's 100m Freestyle,F,Women,100,17,Sarah Sjoestroem,SWE,Sweden,No,52.23,52.23,51.71,0.52,1.006,2019,25.9,Gwangju,KOR
F100,Women's 100m Freestyle,F,Women,100,18,Mollie O'callaghan,AUS,Australia,Yes,52.24,52.24,51.71,0.53,1.025,2024,20.3,Paris,FRA
F100,Women's 100m Freestyle,F,Women,100,19,Siobhan Haughey,HKG,"Hong Kong, China",No,52.24,52.24,51.71,0.53,1.025,2023,26.0,Budapest,HUN
F100,Women's 100m Freestyle,F,Women,100,20,Sarah Sjoestroem,SWE,Sweden,No,52.24,52.24,51.71,0.53,1.025,2023,29.9,Fukuoka,JPN
F100,Women's 100m Freestyle,F,Women,100,21,Marrit Steenbergen,NED,Netherlands,No,52.26,52.26,51.71,0.55,1.064,2024,24.1,Doha,QAT
F100,Women's 100m Freestyle,F,Women,100,22,Mollie O'callaghan,AUS,Australia,Yes,52.27,52.27,51.71,0.56,1.083,2024,20.0,Gold Coast,AUS
F100,Women's 100m Freestyle,F,Women,100,23,Siobhan Haughey,HKG,"Hong Kong, China",No,52.27,52.27,51.71,0.56,1.083,2021,23.7,Tokyo,JPN
F100,Women's 100m Freestyle,F,Women,100,24,Bronte Campbell,AUS,Australia,Yes,52.27,52.27,51.71,0.56,1.083,2018,23.9,Gold Coast,AUS
F100,Women's 100m Freestyle,F,Women,100,25,Simone Manuel,USA,United States of America,No,52.27,52.27,51.71,0.56,1.083,2017,21.0,Budapest,HUN
F100,Women's 100m Freestyle,F,Women,100,26,Shayna Jack,AUS,Australia,Yes,52.28,52.28,51.71,0.57,1.102,2023,24.7,Fukuoka,JPN
F100,Women's 100m Freestyle,F,Women,100,27,Sarah Sjoestroem,SWE,Sweden,No,52.28,52.28,51.71,0.57,1.102,2017,23.8,Barcelona,ESP
F100,Women's 100m Freestyle,F,Women,100,28,Torri Huske,USA,United States of America,No,52.29,52.29,51.71,0.58,1.122,2024,21.6,Paris,FRA
F100,Women's 100m Freestyle,F,Women,100,29,Emma Mckeon,AUS,Australia,Yes,52.29,52.29,51.71,0.58,1.122,2021,27.0,Sydney,AUS
F100,Women's 100m Freestyle,F,Women,100,30,Sarah Sjoestroem,SWE,Sweden,No,52.31,52.31,51.71,0.6,1.16,2017,23.9,Budapest,HUN
F100,Women's 100m Freestyle,F,Women,100,31,Emma Mckeon,AUS,Australia,Yes,52.32,52.32,51.71,0.61,1.18,2021,27.2,Tokyo,JPN
F100,Women's 100m Freestyle,F,Women,100,32,Siobhan Haughey,HKG,"Hong Kong, China",No,52.33,52.33,51.71,0.62,1.199,2024,26.7,Paris,FRA
F100,Women's 100m Freestyle,F,Women,100,33,Mollie O'callaghan,AUS,Australia,Yes,52.33,52.33,51.71,0.62,1.199,2024,20.2,Brisbane,AUS
F100,Women's 100m Freestyle,F,Women,100,34,Cate Campbell,AUS,Australia,Yes,52.33,52.33,51.71,0.62,1.199,2013,21.2,Barcelona,ESP
F100,Women's 100m Freestyle,F,Women,100,35,Mollie O'callaghan,AUS,Australia,Yes,52.34,52.34,51.71,0.63,1.218,2024,20.3,Paris,FRA
F100,Women's 100m Freestyle,F,Women,100,36,Cate Campbell,AUS,Australia,Yes,52.34,52.34,51.71,0.63,1.218,2019,27.2,Jinan,CHN
F100,Women's 100m Freestyle,F,Women,100,37,Cate Campbell,AUS,Australia,Yes,52.34,52.34,51.71,0.63,1.218,2013,21.2,Barcelona,ESP
F100,Women's 100m Freestyle,F,Women,100,38,Emma Mckeon,AUS,Australia,Yes,52.35,52.35,51.71,0.64,1.238,2021,27.1,Adelaide,AUS
F100,Women's 100m Freestyle,F,Women,100,39,Cate Campbell,AUS,Australia,Yes,52.35,52.35,51.71,0.64,1.238,2019,26.9,Adelaide,AUS
F100,Women's 100m Freestyle,F,Women,100,40,Cate Campbell,AUS,Australia,Yes,52.37,52.37,51.71,0.66,1.276,2018,25.8,Gold Coast,AUS
F100,Women's 100m Freestyle,F,Women,100,41,Cate Campbell,AUS,Australia,Yes,52.38,52.38,51.71,0.67,1.296,2016,24.0,Tokyo,JPN
F100,Women's 100m Freestyle,F,Women,100,42,Cate Campbell,AUS,Australia,Yes,52.38,52.38,51.71,0.67,1.296,2016,23.9,Adelaide,AUS
F100,Women's 100m Freestyle,F,Women,100,43,Siobhan Haughey,HKG,"Hong Kong, China",No,52.40,52.4,51.71,0.69,1.334,2021,23.7,Tokyo,JPN
F100,Women's 100m Freestyle,F,Women,100,44,Emma Mckeon,AUS,Australia,Yes,52.41,52.41,51.71,0.7,1.354,2019,25.1,Brisbane,AUS
F100,Women's 100m Freestyle,F,Women,100,45,Torri Huske,USA,United States of America,No,52.43,52.43,51.71,0.72,1.392,2025,22.5,Indianapolis,USA
F100,Women's 100m Freestyle,F,Women,100,46,Cate Campbell,AUS,Australia,Yes,52.43,52.43,51.71,0.72,1.392,2021,28.9,Gold Coast,AUS
F100,Women's 100m Freestyle,F,Women,100,47,Cate Campbell,AUS,Australia,Yes,52.43,52.43,51.71,0.72,1.392,2019,27.2,Gwangju,KOR
F100,Women's 100m Freestyle,F,Women,100,48,Sarah Sjoestroem,SWE,Sweden,No,52.43,52.43,51.71,0.72,1.392,2019,25.9,Gwangju,KOR
F100,Women's 100m Freestyle,F,Women,100,49,Cate Campbell,AUS,Australia,Yes,52.44,52.44,51.71,0.73,1.412,2019,27.2,Gwangju,KOR
F100,Women's 100m Freestyle,F,Women,100,50,Sarah Sjoestroem,SWE,Sweden,No,52.44,52.44,51.71,0.73,1.412,2017,23.9,Budapest,HUN
F100,Women's 100m Freestyle,F,Women,100,51,Emma Mckeon,AUS,Australia,Yes,52.46,52.46,51.71,0.75,1.45,2020,26.6,Brisbane,AUS
F100,Women's 100m Freestyle,F,Women,100,52,Sarah Sjoestroem,SWE,Sweden,No,52.46,52.46,51.71,0.75,1.45,2019,25.9,Gwangju,KOR
F100,Women's 100m Freestyle,F,Women,100,53,Junxuan Yang,CHN,People's Republic of China,No,52.48,52.48,51.71,0.77,1.489,2024,22.5,Paris,FRA
F100,Women's 100m Freestyle,F,Women,100,54,Mollie O'callaghan,AUS,Australia,Yes,52.48,52.48,51.71,0.77,1.489,2023,19.2,Melbourne,AUS
F100,Women's 100m Freestyle,F,Women,100,55,Siobhan Haughey,HKG,"Hong Kong, China",No,52.49,52.49,51.71,0.78,1.508,2023,25.7,Fukuoka,JPN
F100,Women's 100m Freestyle,F,Women,100,56,Mollie O'callaghan,AUS,Australia,Yes,52.49,52.49,51.71,0.78,1.508,2022,18.1,Adelaide,AUS
F100,Women's 100m Freestyle,F,Women,100,57,Emma Mckeon,AUS,Australia,Yes,52.49,52.49,51.71,0.78,1.508,2021,26.9,Gold Coast,AUS
F100,Women's 100m Freestyle,F,Women,100,58,Siobhan Haughey,HKG,"Hong Kong, China",No,52.50,52.5,51.71,0.79,1.528,2023,25.5,Barcelona,ESP
F100,Women's 100m Freestyle,F,Women,100,59,Cate Campbell,AUS,Australia,Yes,52.51,52.51,51.71,0.8,1.547,2019,27.4,Berlin,GER
F100,Women's 100m Freestyle,F,Women,100,60,Meg Harris,AUS,Australia,Yes,52.52,52.52,51.71,0.81,1.566,2024,22.3,Brisbane,AUS
F100,Women's 100m Freestyle,F,Women,100,61,Emma Mckeon,AUS,Australia,Yes,52.52,52.52,51.71,0.81,1.566,2023,29.1,Melbourne,AUS
F100,Women's 100m Freestyle,F,Women,100,62,Cate Campbell,AUS,Australia,Yes,52.52,52.52,51.71,0.81,1.566,2021,29.2,Tokyo,JPN
F100,Women's 100m Freestyle,F,Women,100,63,Bronte Campbell,AUS,Australia,Yes,52.52,52.52,51.71,0.81,1.566,2015,21.2,Kazan,RUS
F100,Women's 100m Freestyle,F,Women,100,64,Sarah Sjoestroem,SWE,Sweden,No,52.53,52.53,51.71,0.82,1.586,2024,30.9,Paris,FRA
F100,Women's 100m Freestyle,F,Women,100,65,Marrit Steenbergen,NED,Netherlands,No,52.53,52.53,51.71,0.82,1.586,2024,24.1,Doha,QAT
F100,Women's 100m Freestyle,F,Women,100,66,Simone Manuel,USA,United States of America,No,52.54,52.54,51.71,0.83,1.605,2018,22.0,Irvine,USA
F100,Women's 100m Freestyle,F,Women,100,67,Sarah Sjoestroem,SWE,Sweden,No,52.54,52.54,51.71,0.83,1.605,2017,23.7,Stockholm,SWE
F100,Women's 100m Freestyle,F,Women,100,68,Marrit Steenbergen,NED,Netherlands,No,52.55,52.55,51.71,0.84,1.624,2025,25.6,Singapore,SGP
F100,Women's 100m Freestyle,F,Women,100,69,Siobhan Haughey,HKG,"Hong Kong, China",No,52.55,52.55,51.71,0.84,1.624,2024,26.6,Canet-en-Roussillon,FRA
F100,Women's 100m Freestyle,F,Women,100,70,Siobhan Haughey,HKG,"Hong Kong, China",No,52.55,52.55,51.71,0.84,1.624,2023,26.0,Athens,GRE
F100,Women's 100m Freestyle,F,Women,100,71,Kate Douglass,USA,United States of America,No,52.56,52.56,51.71,0.85,1.644,2024,22.6,Indianapolis,USA
F100,Women's 100m Freestyle,F,Women,100,72,Siobhan Haughey,HKG,"Hong Kong, China",No,52.56,52.56,51.71,0.85,1.644,2024,26.3,Doha,QAT
F100,Women's 100m Freestyle,F,Women,100,73,Britta Steffen,GER,Germany,No,52.56,52.56,51.71,0.85,1.644,2009,25.6,Berlin,GER
F100,Women's 100m Freestyle,F,Women,100,74,Sarah Sjoestroem,SWE,Sweden,No,52.57,52.57,51.71,0.86,1.663,2024,30.8,Rome,ITA
F100,Women's 100m Freestyle,F,Women,100,75,Mollie O'callaghan,AUS,Australia,Yes,52.57,52.57,51.71,0.86,1.663,2024,20.2,Brisbane,AUS
F100,Women's 100m Freestyle,F,Women,100,76,Kate Douglass,USA,United States of America,No,52.57,52.57,51.71,0.86,1.663,2023,21.6,Indianapolis,USA
F100,Women's 100m Freestyle,F,Women,100,77,Bronte Campbell,AUS,Australia,Yes,52.58,52.58,51.71,0.87,1.682,2016,21.9,Adelaide,AUS
F100,Women's 100m Freestyle,F,Women,100,78,Meg Harris,AUS,Australia,Yes,52.59,52.59,51.71,0.88,1.702,2024,22.1,Gold Coast,AUS
F100,Women's 100m Freestyle,F,Women,100,79,Penny Oleksiak,CAN,Canada,No,52.59,52.59,51.71,0.88,1.702,2021,21.1,Tokyo,JPN
F100,Women's 100m Freestyle,F,Women,100,80,Cate Campbell,AUS,Australia,Yes,52.59,52.59,51.71,0.88,1.702,2021,29.1,Adelaide,AUS
F100,Women's 100m Freestyle,F,Women,100,81,Emma Mckeon,AUS,Australia,Yes,52.59,52.59,51.71,0.88,1.702,2021,26.8,Sydney,AUS
F100,Women's 100m Freestyle,F,Women,100,82,Mallory Comerford,USA,United States of America,No,52.59,52.59,51.71,0.88,1.702,2017,19.9,Budapest,HUN
F100,Women's 100m Freestyle,F,Women,100,83,Meg Harris,AUS,Australia,Yes,52.60,52.6,51.71,0.89,1.721,2024,22.1,Gold Coast,AUS
F100,Women's 100m Freestyle,F,Women,100,84,Shayna Jack,AUS,Australia,Yes,52.60,52.6,51.71,0.89,1.721,2022,23.5,Adelaide,AUS
F100,Women's 100m Freestyle,F,Women,100,85,Sarah Sjoestroem,SWE,Sweden,No,52.60,52.6,51.71,0.89,1.721,2017,23.8,Monaco,MON
F100,Women's 100m Freestyle,F,Women,100,86,Cate Campbell,AUS,Australia,Yes,52.61,52.61,51.71,0.9,1.74,2019,27.5,Doha,QAT
F100,Women's 100m Freestyle,F,Women,100,87,Cate Campbell,AUS,Australia,Yes,52.61,52.61,51.71,0.9,1.74,2018,26.1,Adelaide,AUS
F100,Women's 100m Freestyle,F,Women,100,88,Sarah Sjoestroem,SWE,Sweden,No,52.62,52.62,51.71,0.91,1.76,2021,27.9,Tokyo,JPN
F100,Women's 100m Freestyle,F,Women,100,89,Cate Campbell,AUS,Australia,Yes,52.62,52.62,51.71,0.91,1.76,2014,22.3,Gold Coast,AUS
F100,Women's 100m Freestyle,F,Women,100,90,Libby Lenton,AUS,Australia,Yes,52.62,52.62,51.71,0.91,1.76,2009,24.5,Rome,ITA
F100,Women's 100m Freestyle,F,Women,100,91,Mollie O'callaghan,AUS,Australia,Yes,52.63,52.63,51.71,0.92,1.779,2023,19.0,Gold Coast,AUS
F100,Women's 100m Freestyle,F,Women,100,92,Mollie O'callaghan,AUS,Australia,Yes,52.63,52.63,51.71,0.92,1.779,2022,18.3,Birmingham,GBR
F100,Women's 100m Freestyle,F,Women,100,93,Siobhan Haughey,HKG,"Hong Kong, China",No,52.64,52.64,51.71,0.93,1.798,2024,26.7,Paris,FRA
F100,Women's 100m Freestyle,F,Women,100,94,Siobhan Haughey,HKG,"Hong Kong, China",No,52.64,52.64,51.71,0.93,1.798,2023,25.6,Rome,ITA
F100,Women's 100m Freestyle,F,Women,100,95,Shayna Jack,AUS,Australia,Yes,52.64,52.64,51.71,0.93,1.798,2023,24.6,Melbourne,AUS
F100,Women's 100m Freestyle,F,Women,100,96,Shayna Jack,AUS,Australia,Yes,52.64,52.64,51.71,0.93,1.798,2023,24.4,Gold Coast,AUS
F100,Women's 100m Freestyle,F,Women,100,97,Cate Campbell,AUS,Australia,Yes,52.64,52.64,51.71,0.93,1.798,2019,27.2,Tokyo,JPN
F100,Women's 100m Freestyle,F,Women,100,98,Cate Campbell,AUS,Australia,Yes,52.64,52.64,51.71,0.93,1.798,2018,25.9,Gold Coast,AUS
F100,Women's 100m Freestyle,F,Women,100,99,Shayna Jack,AUS,Australia,Yes,52.65,52.65,51.71,0.94,1.818,2024,25.6,Brisbane,AUS
F100,Women's 100m Freestyle,F,Women,100,100,Mollie O'callaghan,AUS,Australia,Yes,52.66,52.66,51.71,0.95,1.837,2026,22.0,Gold Coast,AUS
F100,Women's 100m Freestyle,F,Women,100,101,Simone Manuel,USA,United States of America,No,52.66,52.66,51.71,0.95,1.837,2018,22.0,Tokyo,JPN
F100,Women's 100m Freestyle,F,Women,100,102,Mollie O'callaghan,AUS,Australia,Yes,52.67,52.67,51.71,0.96,1.857,2025,21.3,Singapore,SGP
F100,Women's 100m Freestyle,F,Women,100,103,Mollie O'callaghan,AUS,Australia,Yes,52.67,52.67,51.71,0.96,1.857,2022,18.2,Budapest,HUN
F100,Women's 100m Freestyle,F,Women,100,104,Sarah Sjoestroem,SWE,Sweden,No,52.67,52.67,51.71,0.96,1.857,2018,25.0,Glasgow,GBR
F100,Women's 100m Freestyle,F,Women,100,105,Sarah Sjoestroem,SWE,Sweden,No,52.67,52.67,51.71,0.96,1.857,2014,21.0,Berlin,GER
F100,Women's 100m Freestyle,F,Women,100,106,Junxuan Yang,CHN,People's Republic of China,No,52.68,52.68,51.71,0.97,1.876,2024,22.2,Shenzhen,CHN
F100,Women's 100m Freestyle,F,Women,100,107,Sarah Sjoestroem,SWE,Sweden,No,52.68,52.68,51.71,0.97,1.876,2021,28.0,Tokyo,JPN
F100,Women's 100m Freestyle,F,Women,100,108,Cate Campbell,AUS,Australia,Yes,52.68,52.68,51.71,0.97,1.876,2014,22.2,Glasgow,GBR
F100,Women's 100m Freestyle,F,Women,100,109,Cate Campbell,AUS,Australia,Yes,52.68,52.68,51.71,0.97,1.876,2014,21.9,Brisbane,AUS
F100,Women's 100m Freestyle,F,Women,100,110,Cate Campbell,AUS,Australia,Yes,52.69,52.69,51.71,0.98,1.895,2018,25.9,Gold Coast,AUS
F100,Women's 100m Freestyle,F,Women,100,111,Pernille Blume,DEN,Denmark,No,52.69,52.69,51.71,0.98,1.895,2017,23.2,Budapest,HUN
F100,Women's 100m Freestyle,F,Women,100,112,Simone Manuel,USA,United States of America,No,52.69,52.69,51.71,0.98,1.895,2017,21.0,Budapest,HUN
F100,Women's 100m Freestyle,F,Women,100,113,Cate Campbell,AUS,Australia,Yes,52.69,52.69,51.71,0.98,1.895,2015,22.9,Sydney,AUS
F100,Women's 100m Freestyle,F,Women,100,114,Femke Heemskerk,NED,Netherlands,No,52.69,52.69,51.71,0.98,1.895,2015,27.5,Eindhoven,NED
F100,Women's 100m Freestyle,F,Women,100,115,Cate Campbell,AUS,Australia,Yes,52.69,52.69,51.71,0.98,1.895,2013,21.6,Brisbane ,AUS
F100,Women's 100m Freestyle,F,Women,100,116,Mollie O'callaghan,AUS,Australia,Yes,52.70,52.7,51.71,0.99,1.915,2022,18.2,Budapest,HUN
F100,Women's 100m Freestyle,F,Women,100,117,Siobhan Haughey,HKG,"Hong Kong, China",No,52.70,52.7,51.71,0.99,1.915,2021,23.7,Tokyo,JPN
F100,Women's 100m Freestyle,F,Women,100,118,Penny Oleksiak,CAN,Canada,No,52.70,52.7,51.71,0.99,1.915,2016,16.2,Rio de Janeiro,BRA
F100,Women's 100m Freestyle,F,Women,100,119,Simone Manuel,USA,United States of America,No,52.70,52.7,51.71,0.99,1.915,2016,20.0,Rio de Janeiro,BRA
F100,Women's 100m Freestyle,F,Women,100,120,Sarah Sjoestroem,SWE,Sweden,No,52.70,52.7,51.71,0.99,1.915,2015,22.0,Kazan,RUS
F100,Women's 100m Freestyle,F,Women,100,121,Marrit Steenbergen,NED,Netherlands,No,52.71,52.71,51.71,1.0,1.934,2023,23.5,Fukuoka,JPN
F100,Women's 100m Freestyle,F,Women,100,122,Cate Campbell,AUS,Australia,Yes,52.71,52.71,51.71,1.0,1.934,2021,29.2,Tokyo,JPN
F100,Women's 100m Freestyle,F,Women,100,123,Emma Mckeon,AUS,Australia,Yes,52.71,52.71,51.71,1.0,1.934,2021,26.9,Gold Coast,AUS
F100,Women's 100m Freestyle,F,Women,100,124,Cate Campbell,AUS,Australia,Yes,52.71,52.71,51.71,1.0,1.934,2019,27.2,Gwangju,KOR
F100,Women's 100m Freestyle,F,Women,100,125,Cate Campbell,AUS,Australia,Yes,52.71,52.71,51.71,1.0,1.934,2016,24.2,Rio de Janeiro,BRA
F100,Women's 100m Freestyle,F,Women,100,126,Shayna Jack,AUS,Australia,Yes,52.72,52.72,51.71,1.01,1.953,2024,25.7,Paris,FRA
F100,Women's 100m Freestyle,F,Women,100,127,Shayna Jack,AUS,Australia,Yes,52.72,52.72,51.71,1.01,1.953,2024,25.7,Paris,FRA
F100,Women's 100m Freestyle,F,Women,100,128,Shayna Jack,AUS,Australia,Yes,52.72,52.72,51.71,1.01,1.953,2024,25.6,Brisbane,AUS
F100,Women's 100m Freestyle,F,Women,100,129,Siobhan Haughey,HKG,"Hong Kong, China",No,52.72,52.72,51.71,1.01,1.953,2024,26.6,Monaco,MON
F100,Women's 100m Freestyle,F,Women,100,130,Marrit Steenbergen,NED,Netherlands,No,52.72,52.72,51.71,1.01,1.953,2024,24.3,Eindhoven,NED
F100,Women's 100m Freestyle,F,Women,100,131,Taylor Ruck,CAN,Canada,No,52.72,52.72,51.71,1.01,1.953,2018,18.2,Tokyo,JPN
F100,Women's 100m Freestyle,F,Women,100,132,Pernille Blume,DEN,Denmark,No,52.72,52.72,51.71,1.01,1.953,2018,24.1,Rome,ITA
F100,Women's 100m Freestyle,F,Women,100,133,Pernille Blume,DEN,Denmark,No,52.72,52.72,51.71,1.01,1.953,2018,24.1,Rome,ITA
F100,Women's 100m Freestyle,F,Women,100,134,Penny Oleksiak,CAN,Canada,No,52.72,52.72,51.71,1.01,1.953,2016,16.2,Rio de Janeiro,BRA
F100,Women's 100m Freestyle,F,Women,100,135,Cate Campbell,AUS,Australia,Yes,52.72,52.72,51.71,1.01,1.953,2014,22.3,Gold Coast,AUS
F100,Women's 100m Freestyle,F,Women,100,136,Sarah Sjoestroem,SWE,Sweden,No,52.73,52.73,51.71,1.02,1.973,2014,20.6,Eindhoven,NED
F100,Women's 100m Freestyle,F,Women,100,137,Siobhan Haughey,HKG,"Hong Kong, China",No,52.74,52.74,51.71,1.03,1.992,2024,26.4,San Antonio,USA
F100,Women's 100m Freestyle,F,Women,100,138,Charlotte Bonnet,FRA,France,No,52.74,52.74,51.71,1.03,1.992,2018,23.3,Saint Raphael,FRA
F100,Women's 100m Freestyle,F,Women,100,139,Charlotte Bonnet,FRA,France,No,52.74,52.74,51.71,1.03,1.992,2018,23.3,Saint Raphael,FRA
F100,Women's 100m Freestyle,F,Women,100,140,Mollie O'callaghan,AUS,Australia,Yes,52.75,52.75,51.71,1.04,2.011,2024,20.3,Paris,FRA
F100,Women's 100m Freestyle,F,Women,100,141,Anna Hopkin,GBR,Great Britain,No,52.75,52.75,51.71,1.04,2.011,2021,25.3,Tokyo,JPN
F100,Women's 100m Freestyle,F,Women,100,142,Emma Mckeon,AUS,Australia,Yes,52.75,52.75,51.71,1.04,2.011,2019,25.2,Gwangju,KOR
F100,Women's 100m Freestyle,F,Women,100,143,Ranomi Kromowidjojo,NED,Netherlands,No,52.75,52.75,51.71,1.04,2.011,2012,21.6,Eindhoven,NED
F100,Women's 100m Freestyle,F,Women,100,144,Siobhan Haughey,HKG,"Hong Kong, China",No,52.76,52.76,51.71,1.05,2.031,2024,26.6,Barcelona,ESP
F100,Women's 100m Freestyle,F,Women,100,145,Shayna Jack,AUS,Australia,Yes,52.76,52.76,51.71,1.05,2.031,2023,25.1,Brisbane,AUS
F100,Women's 100m Freestyle,F,Women,100,146,Madison Wilson,AUS,Australia,Yes,52.76,52.76,51.71,1.05,2.031,2021,27.0,Adelaide,AUS
F100,Women's 100m Freestyle,F,Women,100,147,Cate Campbell,AUS,Australia,Yes,52.76,52.76,51.71,1.05,2.031,2019,27.5,Kazan,RUS
F100,Women's 100m Freestyle,F,Women,100,148,Sarah Sjoestroem,SWE,Sweden,No,52.76,52.76,51.71,1.05,2.031,2019,25.7,Stockholm,SWE
F100,Women's 100m Freestyle,F,Women,100,149,Siobhan Haughey,HKG,"Hong Kong, China",No,52.77,52.77,51.71,1.06,2.05,2026,28.3,Dubai,UAE
F100,Women's 100m Freestyle,F,Women,100,150,Marrit Steenbergen,NED,Netherlands,No,52.77,52.77,51.71,1.06,2.05,2025,25.4,London,GBR
F100,Women's 100m Freestyle,F,Women,100,151,Emma Mckeon,AUS,Australia,Yes,52.77,52.77,51.71,1.06,2.05,2019,25.2,Gwangju,KOR
F100,Women's 100m Freestyle,F,Women,100,152,Sarah Sjoestroem,SWE,Sweden,No,52.77,52.77,51.71,1.06,2.05,2018,24.9,Rome,ITA
F100,Women's 100m Freestyle,F,Women,100,153,Sarah Sjoestroem,SWE,Sweden,No,52.77,52.77,51.71,1.06,2.05,2018,24.9,Rome,ITA
F100,Women's 100m Freestyle,F,Women,100,154,Sarah Sjoestroem,SWE,Sweden,No,52.77,52.77,51.71,1.06,2.05,2018,24.6,Stockholm,SWE
F100,Women's 100m Freestyle,F,Women,100,155,Sarah Sjoestroem,SWE,Sweden,No,52.77,52.77,51.71,1.06,2.05,2018,24.6,Stockholm,SWE
F100,Women's 100m Freestyle,F,Women,100,156,Mallory Comerford,USA,United States of America,No,52.77,52.77,51.71,1.06,2.05,2017,19.9,Budapest,HUN
F100,Women's 100m Freestyle,F,Women,100,157,Marrit Steenbergen,NED,Netherlands,No,52.78,52.78,51.71,1.07,2.069,2025,25.4,Amersfoort,NED
F100,Women's 100m Freestyle,F,Women,100,158,Gretchen Walsh,USA,United States of America,No,52.78,52.78,51.71,1.07,2.069,2025,22.3,Indianapolis,USA
F100,Women's 100m Freestyle,F,Women,100,159,Siobhan Haughey,HKG,"Hong Kong, China",No,52.78,52.78,51.71,1.07,2.069,2024,26.6,Rome,ITA
F100,Women's 100m Freestyle,F,Women,100,160,Cate Campbell,AUS,Australia,Yes,52.78,52.78,51.71,1.07,2.069,2021,29.1,Adelaide,AUS
F100,Women's 100m Freestyle,F,Women,100,161,Cate Campbell,AUS,Australia,Yes,52.78,52.78,51.71,1.07,2.069,2019,27.2,Singapore,SGP
F100,Women's 100m Freestyle,F,Women,100,162,Ranomi Kromowidjojo,NED,Netherlands,No,52.78,52.78,51.71,1.07,2.069,2017,26.9,Budapest,HUN
F100,Women's 100m Freestyle,F,Women,100,163,Cate Campbell,AUS,Australia,Yes,52.78,52.78,51.71,1.07,2.069,2017,24.9,Brisbane,AUS
F100,Women's 100m Freestyle,F,Women,100,164,Cate Campbell,AUS,Australia,Yes,52.78,52.78,51.71,1.07,2.069,2016,24.2,Rio de Janeiro,BRA
F100,Women's 100m Freestyle,F,Women,100,165,Sarah Sjoestroem,SWE,Sweden,No,52.78,52.78,51.71,1.07,2.069,2016,22.6,Stockholm,SWE
F100,Women's 100m Freestyle,F,Women,100,166,Sarah Sjoestroem,SWE,Sweden,No,52.78,52.78,51.71,1.07,2.069,2015,22.0,Kazan,RUS
F100,Women's 100m Freestyle,F,Women,100,167,Siobhan Haughey,HKG,"Hong Kong, China",No,52.79,52.79,51.71,1.08,2.089,2026,28.4,Stockholm,SWE
F100,Women's 100m Freestyle,F,Women,100,168,Siobhan Haughey,HKG,"Hong Kong, China",No,52.79,52.79,51.71,1.08,2.089,2026,28.4,Shenzhen,CHN
F100,Women's 100m Freestyle,F,Women,100,169,Rylee Erisman,USA,United States of America,No,52.79,52.79,51.71,1.08,2.089,2025,16.4,Otopeni,ROU
F100,Women's 100m Freestyle,F,Women,100,170,Mollie O'callaghan,AUS,Australia,Yes,52.79,52.79,51.71,1.08,2.089,2025,21.3,Singapore,SGP
F100,Women's 100m Freestyle,F,Women,100,171,Femke Heemskerk,NED,Netherlands,No,52.79,52.79,51.71,1.08,2.089,2021,33.9,Tokyo,JPN
F100,Women's 100m Freestyle,F,Women,100,172,Rikako Ikee,JPN,Japan,No,52.79,52.79,51.71,1.08,2.089,2018,18.4,Tokyo,JPN
F100,Women's 100m Freestyle,F,Women,100,173,Femke Heemskerk,NED,Netherlands,No,52.79,52.79,51.71,1.08,2.089,2015,27.5,Eindhoven,NED
F100,Women's 100m Freestyle,F,Women,100,174,Mollie O'callaghan,AUS,Australia,Yes,52.80,52.8,51.71,1.09,2.108,2026,22.0,Shenzhen,CHN
F100,Women's 100m Freestyle,F,Women,100,175,Sarah Sjoestroem,SWE,Sweden,No,52.80,52.8,51.71,1.09,2.108,2022,28.8,Budapest,HUN
F100,Women's 100m Freestyle,F,Women,100,176,Cate Campbell,AUS,Australia,Yes,52.80,52.8,51.71,1.09,2.108,2021,29.2,Tokyo,JPN
F100,Women's 100m Freestyle,F,Women,100,177,Emma Mckeon,AUS,Australia,Yes,52.80,52.8,51.71,1.09,2.108,2016,21.9,Adelaide,AUS
F100,Women's 100m Freestyle,F,Women,100,178,Marrit Steenbergen,NED,Netherlands,No,52.81,52.81,51.71,1.1,2.127,2025,25.6,Singapore,SGP
F100,Women's 100m Freestyle,F,Women,100,179,Junxuan Yang,CHN,People's Republic of China,No,52.81,52.81,51.71,1.1,2.127,2024,22.5,Paris,FRA
F100,Women's 100m Freestyle,F,Women,100,180,Kate Douglass,USA,United States of America,No,52.81,52.81,51.71,1.1,2.127,2023,21.7,Fukuoka,JPN
F100,Women's 100m Freestyle,F,Women,100,181,Mallory Comerford,USA,United States of America,No,52.81,52.81,51.71,1.1,2.127,2017,19.8,Indianapolis,USA
F100,Women's 100m Freestyle,F,Women,100,182,Mollie O'callaghan,AUS,Australia,Yes,52.82,52.82,51.71,1.11,2.147,2025,21.3,Singapore,SGP
F100,Women's 100m Freestyle,F,Women,100,183,Junxuan Yang,CHN,People's Republic of China,No,52.82,52.82,51.71,1.11,2.147,2024,22.5,Paris,FRA
F100,Women's 100m Freestyle,F,Women,100,184,Mollie O'callaghan,AUS,Australia,Yes,52.82,52.82,51.71,1.11,2.147,2024,20.0,Sydney,AUS
F100,Women's 100m Freestyle,F,Women,100,185,Marrit Steenbergen,NED,Netherlands,No,52.82,52.82,51.71,1.11,2.147,2023,23.5,Fukuoka,JPN
F100,Women's 100m Freestyle,F,Women,100,186,Sarah Sjoestroem,SWE,Sweden,No,52.82,52.82,51.71,1.11,2.147,2021,27.9,Tokyo,JPN
F100,Women's 100m Freestyle,F,Women,100,187,Sarah Sjoestroem,SWE,Sweden,No,52.82,52.82,51.71,1.11,2.147,2019,25.7,Guangzhou,CHN
F100,Women's 100m Freestyle,F,Women,100,188,Sarah Sjoestroem,SWE,Sweden,No,52.82,52.82,51.71,1.11,2.147,2016,22.8,London,GBR
F100,Women's 100m Freestyle,F,Women,100,189,Cate Campbell,AUS,Australia,Yes,52.82,52.82,51.71,1.11,2.147,2015,23.2,Kazan,RUS
F100,Women's 100m Freestyle,F,Women,100,190,Simone Manuel,USA,United States of America,No,52.83,52.83,51.71,1.12,2.166,2025,28.8,Indianapolis,USA
F100,Women's 100m Freestyle,F,Women,100,191,Marrit Steenbergen,NED,Netherlands,No,52.83,52.83,51.71,1.12,2.166,2024,24.6,Paris,FRA
F100,Women's 100m Freestyle,F,Women,100,192,Shayna Jack,AUS,Australia,Yes,52.83,52.83,51.71,1.12,2.166,2024,25.3,Doha,QAT
F100,Women's 100m Freestyle,F,Women,100,193,Emma Mckeon,AUS,Australia,Yes,52.83,52.83,51.71,1.12,2.166,2023,29.2,Fukuoka,JPN
F100,Women's 100m Freestyle,F,Women,100,194,Mollie O'callaghan,AUS,Australia,Yes,52.83,52.83,51.71,1.12,2.166,2022,18.1,Adelaide,AUS
F100,Women's 100m Freestyle,F,Women,100,195,Anna Hopkin,GBR,Great Britain,No,52.83,52.83,51.71,1.12,2.166,2021,25.3,Tokyo,JPN
F100,Women's 100m Freestyle,F,Women,100,196,Cate Campbell,AUS,Australia,Yes,52.83,52.83,51.71,1.12,2.166,2021,28.8,Sydney,AUS
F100,Women's 100m Freestyle,F,Women,100,197,Pernille Blume,DEN,Denmark,No,52.83,52.83,51.71,1.12,2.166,2018,24.2,Glasgow,GBR
F100,Women's 100m Freestyle,F,Women,100,198,Cate Campbell,AUS,Australia,Yes,52.83,52.83,51.71,1.12,2.166,2013,20.9,Adelaide,AUS
F100,Women's 100m Freestyle,F,Women,100,199,Bronte Campbell,AUS,Australia,Yes,52.84,52.84,51.71,1.13,2.185,2019,25.1,Brisbane,AUS
F100,Women's 100m Freestyle,F,Women,100,200,Emma Mckeon,AUS,Australia,Yes,52.84,52.84,51.71,1.13,2.185,2019,24.9,Adelaide,AUS
F200,Women's 200m Freestyle,F,Women,200,1,Ariarne Titmus,AUS,Australia,Yes,01:52.23,112.23,112.23,0.0,0.0,2024,23.8,Brisbane,AUS
F200,Women's 200m Freestyle,F,Women,200,2,Mollie O'callaghan,AUS,Australia,Yes,01:52.48,112.48,112.23,0.25,0.223,2024,20.2,Brisbane,AUS
F200,Women's 200m Freestyle,F,Women,200,3,Mollie O'callaghan,AUS,Australia,Yes,01:52.85,112.85,112.23,0.62,0.552,2023,19.3,Fukuoka,JPN
F200,Women's 200m Freestyle,F,Women,200,4,Federica Pellegrini,ITA,Italy,No,01:52.98,112.98,112.23,0.75,0.668,2009,21.0,Rome,ITA
F200,Women's 200m Freestyle,F,Women,200,5,Ariarne Titmus,AUS,Australia,Yes,01:53.01,113.01,112.23,0.78,0.695,2023,22.9,Fukuoka,JPN
F200,Women's 200m Freestyle,F,Women,200,6,Ariarne Titmus,AUS,Australia,Yes,01:53.09,113.09,112.23,0.86,0.766,2021,20.8,Adelaide,AUS
F200,Women's 200m Freestyle,F,Women,200,7,Mollie O'callaghan,AUS,Australia,Yes,01:53.27,113.27,112.23,1.04,0.927,2024,20.3,Paris,FRA
F200,Women's 200m Freestyle,F,Women,200,8,Ariarne Titmus,AUS,Australia,Yes,01:53.31,113.31,112.23,1.08,0.962,2022,21.7,Adelaide,AUS
F200,Women's 200m Freestyle,F,Women,200,9,Mollie O'callaghan,AUS,Australia,Yes,01:53.48,113.48,112.23,1.25,1.114,2025,21.3,Singapore,SGP
F200,Women's 200m Freestyle,F,Women,200,10,Ariarne Titmus,AUS,Australia,Yes,01:53.50,113.5,112.23,1.27,1.132,2021,20.9,Tokyo,JPN
F200,Women's 200m Freestyle,F,Women,200,11,Mollie O'callaghan,AUS,Australia,Yes,01:53.52,113.52,112.23,1.29,1.149,2026,22.0,Shenzhen,CHN
F200,Women's 200m Freestyle,F,Women,200,12,Mollie O'callaghan,AUS,Australia,Yes,01:53.52,113.52,112.23,1.29,1.149,2024,20.3,Paris,FRA
F200,Women's 200m Freestyle,F,Women,200,13,Mollie O'callaghan,AUS,Australia,Yes,01:53.57,113.57,112.23,1.34,1.194,2024,20.0,Gold Coast,AUS
F200,Women's 200m Freestyle,F,Women,200,14,Allison Schmitt,USA,United States of America,No,01:53.61,113.61,112.23,1.38,1.23,2012,22.1,London,GBR
F200,Women's 200m Freestyle,F,Women,200,15,Summer Mcintosh,CAN,Canada,No,01:53.65,113.65,112.23,1.42,1.265,2023,16.9,Fukuoka,JPN
F200,Women's 200m Freestyle,F,Women,200,16,Mollie O'callaghan,AUS,Australia,Yes,01:53.66,113.66,112.23,1.43,1.274,2023,19.3,Fukuoka,JPN
F200,Women's 200m Freestyle,F,Women,200,17,Federica Pellegrini,ITA,Italy,No,01:53.67,113.67,112.23,1.44,1.283,2009,21.0,Rome,ITA
F200,Women's 200m Freestyle,F,Women,200,18,Mollie O'callaghan,AUS,Australia,Yes,01:53.69,113.69,112.23,1.46,1.301,2026,22.0,Gold Coast,AUS
F200,Women's 200m Freestyle,F,Women,200,19,Summer Mcintosh,CAN,Canada,No,01:53.69,113.69,112.23,1.46,1.301,2024,17.7,Toronto,CAN
F200,Women's 200m Freestyle,F,Women,200,20,Katie Ledecky,USA,United States of America,No,01:53.73,113.73,112.23,1.5,1.337,2016,19.4,Rio de Janeiro,BRA
F200,Women's 200m Freestyle,F,Women,200,21,Summer Mcintosh,CAN,Canada,No,01:53.80,113.8,112.23,1.57,1.399,2026,19.5,Westmont,USA
F200,Women's 200m Freestyle,F,Women,200,22,Ariarne Titmus,AUS,Australia,Yes,01:53.81,113.81,112.23,1.58,1.408,2024,23.9,Paris,FRA
F200,Women's 200m Freestyle,F,Women,200,23,Mollie O'callaghan,AUS,Australia,Yes,01:53.83,113.83,112.23,1.6,1.426,2023,19.2,Melbourne,AUS
F200,Women's 200m Freestyle,F,Women,200,24,Ariarne Titmus,AUS,Australia,Yes,01:53.89,113.89,112.23,1.66,1.479,2022,21.9,Birmingham,GBR
F200,Women's 200m Freestyle,F,Women,200,25,Summer Mcintosh,CAN,Canada,No,01:53.91,113.91,112.23,1.68,1.497,2023,16.6,Toronto,CAN
F200,Women's 200m Freestyle,F,Women,200,26,Siobhan Haughey,HKG,"Hong Kong, China",No,01:53.92,113.92,112.23,1.69,1.506,2021,23.7,Tokyo,JPN
F200,Women's 200m Freestyle,F,Women,200,27,Siobhan Haughey,HKG,"Hong Kong, China",No,01:53.96,113.96,112.23,1.73,1.541,2023,25.7,Fukuoka,JPN
F200,Women's 200m Freestyle,F,Women,200,28,Mollie O'callaghan,AUS,Australia,Yes,01:54.01,114.01,112.23,1.78,1.586,2022,18.3,Birmingham,GBR
F200,Women's 200m Freestyle,F,Women,200,29,Siobhan Haughey,HKG,"Hong Kong, China",No,01:54.08,114.08,112.23,1.85,1.648,2023,26.0,Budapest,HUN
F200,Women's 200m Freestyle,F,Women,200,30,Sarah Sjoestroem,SWE,Sweden,No,01:54.08,114.08,112.23,1.85,1.648,2016,23.0,Rio de Janeiro,BRA
F200,Women's 200m Freestyle,F,Women,200,31,Siobhan Haughey,HKG,"Hong Kong, China",No,01:54.12,114.12,112.23,1.89,1.684,2023,25.9,Hangzhou,CHN
F200,Women's 200m Freestyle,F,Women,200,32,Summer Mcintosh,CAN,Canada,No,01:54.13,114.13,112.23,1.9,1.693,2023,16.5,Fort Lauderdale,USA
F200,Women's 200m Freestyle,F,Women,200,33,Ariarne Titmus,AUS,Australia,Yes,01:54.14,114.14,112.23,1.91,1.702,2023,22.8,Melbourne,AUS
F200,Women's 200m Freestyle,F,Women,200,34,Siobhan Haughey,HKG,"Hong Kong, China",No,01:54.20,114.2,112.23,1.97,1.755,2023,26.1,Greensboro,USA
F200,Women's 200m Freestyle,F,Women,200,35,Summer Mcintosh,CAN,Canada,No,01:54.21,114.21,112.23,1.98,1.764,2024,17.6,Toronto,CAN
F200,Women's 200m Freestyle,F,Women,200,36,Federica Pellegrini,ITA,Italy,No,01:54.22,114.22,112.23,1.99,1.773,2019,31.0,Gwangju,KOR
F200,Women's 200m Freestyle,F,Women,200,37,Muhan Tang,CHN,People's Republic of China,No,01:54.26,114.26,112.23,2.03,1.809,2021,18.1,Xi'an,CHN
F200,Women's 200m Freestyle,F,Women,200,38,Ariarne Titmus,AUS,Australia,Yes,01:54.27,114.27,112.23,2.04,1.818,2019,18.9,Gwangju,KOR
F200,Women's 200m Freestyle,F,Women,200,39,Ariarne Titmus,AUS,Australia,Yes,01:54.30,114.3,112.23,2.07,1.844,2019,18.6,Adelaide,AUS
F200,Women's 200m Freestyle,F,Women,200,40,Sarah Sjoestroem,SWE,Sweden,No,01:54.31,114.31,112.23,2.08,1.853,2015,22.0,Kazan,RUS
F200,Women's 200m Freestyle,F,Women,200,41,Freya Constance Colbert,GBR,Great Britain,No,01:54.34,114.34,112.23,2.11,1.88,2026,22.1,London,GBR
F200,Women's 200m Freestyle,F,Women,200,42,Sarah Sjoestroem,SWE,Sweden,No,01:54.34,114.34,112.23,2.11,1.88,2016,22.9,Norrkoping,SWE
F200,Women's 200m Freestyle,F,Women,200,43,Summer Mcintosh,CAN,Canada,No,01:54.36,114.36,112.23,2.13,1.898,2026,19.7,Fort Lauderdale,USA
F200,Women's 200m Freestyle,F,Women,200,44,Mollie O'callaghan,AUS,Australia,Yes,01:54.36,114.36,112.23,2.13,1.898,2023,19.7,Brisbane,AUS
F200,Women's 200m Freestyle,F,Women,200,45,Junxuan Yang,CHN,People's Republic of China,No,01:54.37,114.37,112.23,2.14,1.907,2024,22.2,Shenzhen,CHN
F200,Women's 200m Freestyle,F,Women,200,46,Junxuan Yang,CHN,People's Republic of China,No,01:54.37,114.37,112.23,2.14,1.907,2021,19.5,Tokyo,JPN
F200,Women's 200m Freestyle,F,Women,200,47,Katie Ledecky,USA,United States of America,No,01:54.40,114.4,112.23,2.17,1.934,2021,24.1,Mission Viejo,USA
F200,Women's 200m Freestyle,F,Women,200,48,Allison Schmitt,USA,United States of America,No,01:54.40,114.4,112.23,2.17,1.934,2012,22.1,Omaha,USA
F200,Women's 200m Freestyle,F,Women,200,49,Mollie O'callaghan,AUS,Australia,Yes,01:54.43,114.43,112.23,2.2,1.96,2025,21.2,Adelaide,AUS
F200,Women's 200m Freestyle,F,Women,200,50,Katie Ledecky,USA,United States of America,No,01:54.43,114.43,112.23,2.2,1.96,2016,18.8,Austin,USA
F200,Women's 200m Freestyle,F,Women,200,51,Taylor Ruck,CAN,Canada,No,01:54.44,114.44,112.23,2.21,1.969,2018,18.2,Tokyo,JPN
F200,Women's 200m Freestyle,F,Women,200,52,Federica Pellegrini,ITA,Italy,No,01:54.47,114.47,112.23,2.24,1.996,2009,20.6,Riccione,ITA
F200,Women's 200m Freestyle,F,Women,200,53,Junxuan Yang,CHN,People's Republic of China,No,01:54.48,114.48,112.23,2.25,2.005,2021,19.7,Xi'an,CHN
F200,Women's 200m Freestyle,F,Women,200,54,Katie Ledecky,USA,United States of America,No,01:54.50,114.5,112.23,2.27,2.023,2022,25.4,Irvine,USA
F200,Women's 200m Freestyle,F,Women,200,55,Ariarne Titmus,AUS,Australia,Yes,01:54.51,114.51,112.23,2.28,2.032,2021,20.9,Tokyo,JPN
F200,Women's 200m Freestyle,F,Women,200,56,Bingjie Li,CHN,People's Republic of China,No,01:54.52,114.52,112.23,2.29,2.04,2025,23.4,Singapore,SGP
F200,Women's 200m Freestyle,F,Women,200,57,Junxuan Yang,CHN,People's Republic of China,No,01:54.52,114.52,112.23,2.29,2.04,2024,22.5,Paris,FRA
F200,Women's 200m Freestyle,F,Women,200,58,Siobhan Haughey,HKG,"Hong Kong, China",No,01:54.52,114.52,112.23,2.29,2.04,2024,26.4,San Antonio,USA
F200,Women's 200m Freestyle,F,Women,200,59,Siobhan Haughey,HKG,"Hong Kong, China",No,01:54.53,114.53,112.23,2.3,2.049,2024,26.6,Monaco,MON
F200,Women's 200m Freestyle,F,Women,200,60,Siobhan Haughey,HKG,"Hong Kong, China",No,01:54.55,114.55,112.23,2.32,2.067,2024,26.7,Paris,FRA
F200,Women's 200m Freestyle,F,Women,200,61,Emma Mckeon,AUS,Australia,Yes,01:54.55,114.55,112.23,2.32,2.067,2019,25.0,Brisbane,AUS
F200,Women's 200m Freestyle,F,Women,200,62,Federica Pellegrini,ITA,Italy,No,01:54.55,114.55,112.23,2.32,2.067,2016,27.9,Rome,ITA
F200,Women's 200m Freestyle,F,Women,200,63,Katie Ledecky,USA,United States of America,No,01:54.56,114.56,112.23,2.33,2.076,2018,21.2,Santa Clara,USA
F200,Women's 200m Freestyle,F,Women,200,64,Siobhan Haughey,HKG,"Hong Kong, China",No,01:54.57,114.57,112.23,2.34,2.085,2024,26.6,Barcelona,ESP
F200,Women's 200m Freestyle,F,Women,200,65,Junxuan Yang,CHN,People's Republic of China,No,01:54.57,114.57,112.23,2.34,2.085,2021,19.3,Qingdao,CHN
F200,Women's 200m Freestyle,F,Women,200,66,Katie Ledecky,USA,United States of America,No,01:54.59,114.59,112.23,2.36,2.103,2020,23.0,Des Moines,USA
F200,Women's 200m Freestyle,F,Women,200,67,Katie Ledecky,USA,United States of America,No,01:54.60,114.6,112.23,2.37,2.112,2018,21.4,Irvine,USA
F200,Women's 200m Freestyle,F,Women,200,68,Ariarne Titmus,AUS,Australia,Yes,01:54.64,114.64,112.23,2.41,2.147,2024,23.9,Paris,FRA
F200,Women's 200m Freestyle,F,Women,200,69,Ariarne Titmus,AUS,Australia,Yes,01:54.64,114.64,112.23,2.41,2.147,2023,22.9,Fukuoka,JPN
F200,Women's 200m Freestyle,F,Women,200,70,Sarah Sjoestroem,SWE,Sweden,No,01:54.65,114.65,112.23,2.42,2.156,2016,23.0,Rio de Janeiro,BRA
F200,Women's 200m Freestyle,F,Women,200,71,Ariarne Titmus,AUS,Australia,Yes,01:54.66,114.66,112.23,2.43,2.165,2022,21.5,Sydney,AUS
F200,Women's 200m Freestyle,F,Women,200,72,Ariarne Titmus,AUS,Australia,Yes,01:54.66,114.66,112.23,2.43,2.165,2019,18.9,Gwangju,KOR
F200,Women's 200m Freestyle,F,Women,200,73,Camille Muffat,FRA,France,No,01:54.66,114.66,112.23,2.43,2.165,2012,22.6,Canet-en-Roussillon,FRA
F200,Women's 200m Freestyle,F,Women,200,74,Claire Weinstein,USA,United States of America,No,01:54.67,114.67,112.23,2.44,2.174,2025,18.4,Singapore,SGP
F200,Women's 200m Freestyle,F,Women,200,75,Summer Mcintosh,CAN,Canada,No,01:54.67,114.67,112.23,2.44,2.174,2023,16.9,Fukuoka,JPN
F200,Women's 200m Freestyle,F,Women,200,76,Femke Heemskerk,NED,Netherlands,No,01:54.68,114.68,112.23,2.45,2.183,2015,27.5,Eindhoven,NED
F200,Women's 200m Freestyle,F,Women,200,77,Claire Weinstein,USA,United States of America,No,01:54.69,114.69,112.23,2.46,2.192,2025,18.4,Singapore,SGP
F200,Women's 200m Freestyle,F,Women,200,78,Katie Ledecky,USA,United States of America,No,01:54.69,114.69,112.23,2.46,2.192,2017,20.4,Budapest,HUN
F200,Women's 200m Freestyle,F,Women,200,79,Mollie O'callaghan,AUS,Australia,Yes,01:54.70,114.7,112.23,2.47,2.201,2024,20.3,Paris,FRA
F200,Women's 200m Freestyle,F,Women,200,80,Penny Oleksiak,CAN,Canada,No,01:54.70,114.7,112.23,2.47,2.201,2021,21.1,Tokyo,JPN
F200,Women's 200m Freestyle,F,Women,200,81,Federica Pellegrini,ITA,Italy,No,01:54.73,114.73,112.23,2.5,2.228,2017,29.0,Budapest,HUN
F200,Women's 200m Freestyle,F,Women,200,82,Emma Mckeon,AUS,Australia,Yes,01:54.74,114.74,112.23,2.51,2.236,2021,27.1,Adelaide,AUS
F200,Women's 200m Freestyle,F,Women,200,83,Mollie O'callaghan,AUS,Australia,Yes,01:54.76,114.76,112.23,2.53,2.254,2024,20.0,Sydney,AUS
F200,Women's 200m Freestyle,F,Women,200,84,Lani Pallister,AUS,Australia,Yes,01:54.77,114.77,112.23,2.54,2.263,2025,23.2,Singapore,SGP
F200,Women's 200m Freestyle,F,Women,200,85,Siobhan Haughey,HKG,"Hong Kong, China",No,01:54.77,114.77,112.23,2.54,2.263,2023,25.6,Rome,ITA
F200,Women's 200m Freestyle,F,Women,200,86,Sarah Sjoestroem,SWE,Sweden,No,01:54.77,114.77,112.23,2.54,2.263,2015,21.8,Bergen,NOR
F200,Women's 200m Freestyle,F,Women,200,87,Sarah Sjoestroem,SWE,Sweden,No,01:54.78,114.78,112.23,2.55,2.272,2019,25.9,Gwangju,KOR
F200,Women's 200m Freestyle,F,Women,200,88,Summer Mcintosh,CAN,Canada,No,01:54.79,114.79,112.23,2.56,2.281,2022,15.8,Budapest,HUN
F200,Women's 200m Freestyle,F,Women,200,89,Taylor Ruck,CAN,Canada,No,01:54.81,114.81,112.23,2.58,2.299,2018,17.9,Gold Coast,AUS
F200,Women's 200m Freestyle,F,Women,200,90,Katie Ledecky,USA,United States of America,No,01:54.81,114.81,112.23,2.58,2.299,2016,19.4,Rio de Janeiro,BRA
F200,Women's 200m Freestyle,F,Women,200,91,Missy Franklin,USA,United States of America,No,01:54.81,114.81,112.23,2.58,2.299,2013,18.2,Barcelona,ESP
F200,Women's 200m Freestyle,F,Women,200,92,Ariarne Titmus,AUS,Australia,Yes,01:54.82,114.82,112.23,2.59,2.308,2021,20.9,Tokyo,JPN
F200,Women's 200m Freestyle,F,Women,200,93,Katie Ledecky,USA,United States of America,No,01:54.82,114.82,112.23,2.59,2.308,2016,19.2,Atlanta,USA
F200,Women's 200m Freestyle,F,Women,200,94,Federica Pellegrini,ITA,Italy,No,01:54.82,114.82,112.23,2.59,2.308,2008,20.0,Beijing,CHN
F200,Women's 200m Freestyle,F,Women,200,95,Claire Weinstein,USA,United States of America,No,01:54.83,114.83,112.23,2.6,2.317,2025,18.4,Singapore,SGP
F200,Women's 200m Freestyle,F,Women,200,96,Emma Mckeon,AUS,Australia,Yes,01:54.83,114.83,112.23,2.6,2.317,2016,21.9,Adelaide,AUS
F200,Women's 200m Freestyle,F,Women,200,97,Katie Ledecky,USA,United States of America,No,01:54.84,114.84,112.23,2.61,2.326,2017,20.3,Indianapolis,USA
F200,Women's 200m Freestyle,F,Women,200,98,Siobhan Haughey,HKG,"Hong Kong, China",No,01:54.85,114.85,112.23,2.62,2.334,2026,28.3,Dubai,UAE
F200,Women's 200m Freestyle,F,Women,200,99,Siobhan Haughey,HKG,"Hong Kong, China",No,01:54.85,114.85,112.23,2.62,2.334,2025,28.0,Shenzhen,CHN
F200,Women's 200m Freestyle,F,Women,200,100,Rikako Ikee,JPN,Japan,No,01:54.85,114.85,112.23,2.62,2.334,2018,18.1,Tokyo,JPN
F200,Women's 200m Freestyle,F,Women,200,101,Ariarne Titmus,AUS,Australia,Yes,01:54.85,114.85,112.23,2.62,2.334,2018,17.6,Gold Coast,AUS
F200,Women's 200m Freestyle,F,Women,200,102,Katie Ledecky,USA,United States of America,No,01:54.85,114.85,112.23,2.62,2.334,2016,19.2,Atlanta,USA
F200,Women's 200m Freestyle,F,Women,200,103,Sarah Sjoestroem,SWE,Sweden,No,01:54.87,114.87,112.23,2.64,2.352,2016,22.6,Stockholm,SWE
F200,Women's 200m Freestyle,F,Women,200,104,Camille Muffat,FRA,France,No,01:54.87,114.87,112.23,2.64,2.352,2012,22.4,Dunkerke,FRA
F200,Women's 200m Freestyle,F,Women,200,105,Claire Weinstein,USA,United States of America,No,01:54.88,114.88,112.23,2.65,2.361,2024,17.4,Paris,FRA
F200,Women's 200m Freestyle,F,Women,200,106,Katie Ledecky,USA,United States of America,No,01:54.88,114.88,112.23,2.65,2.361,2016,19.3,Omaha,USA
F200,Women's 200m Freestyle,F,Women,200,107,Lani Pallister,AUS,Australia,Yes,01:54.89,114.89,112.23,2.66,2.37,2025,23.0,Adelaide,AUS
F200,Women's 200m Freestyle,F,Women,200,108,Siobhan Haughey,HKG,"Hong Kong, China",No,01:54.89,114.89,112.23,2.66,2.37,2024,26.3,Doha,QAT
F200,Women's 200m Freestyle,F,Women,200,109,Siobhan Haughey,HKG,"Hong Kong, China",No,01:54.89,114.89,112.23,2.66,2.37,2021,23.5,Hong Kong,HKG
F200,Women's 200m Freestyle,F,Women,200,110,Siobhan Haughey,HKG,"Hong Kong, China",No,01:54.91,114.91,112.23,2.68,2.388,2026,28.4,Shenzhen,CHN
F200,Women's 200m Freestyle,F,Women,200,111,Mollie O'callaghan,AUS,Australia,Yes,01:54.91,114.91,112.23,2.68,2.388,2023,19.3,Fukuoka,JPN
F200,Women's 200m Freestyle,F,Women,200,112,Claire Weinstein,USA,United States of America,No,01:54.92,114.92,112.23,2.69,2.397,2025,18.3,Indianapolis,USA
F200,Women's 200m Freestyle,F,Women,200,113,Junxuan Yang,CHN,People's Republic of China,No,01:54.92,114.92,112.23,2.69,2.397,2022,20.4,Budapest,HUN
F200,Women's 200m Freestyle,F,Women,200,114,Emma Mckeon,AUS,Australia,Yes,01:54.92,114.92,112.23,2.69,2.397,2016,22.2,Rio de Janeiro,BRA
F200,Women's 200m Freestyle,F,Women,200,115,Claire Weinstein,USA,United States of America,No,01:54.93,114.93,112.23,2.7,2.406,2025,18.2,Fort Lauderdale,USA
F200,Women's 200m Freestyle,F,Women,200,116,Mollie O'callaghan,AUS,Australia,Yes,01:54.94,114.94,112.23,2.71,2.415,2022,18.1,Adelaide,AUS
F200,Women's 200m Freestyle,F,Women,200,117,Charlotte Bonnet,FRA,France,No,01:54.95,114.95,112.23,2.72,2.424,2018,23.5,Glasgow,GBR
F200,Women's 200m Freestyle,F,Women,200,118,Katie Ledecky,USA,United States of America,No,01:54.96,114.96,112.23,2.73,2.433,2023,26.0,Fort Lauderdale,USA
F200,Women's 200m Freestyle,F,Women,200,119,Allison Schmitt,USA,United States of America,No,01:54.96,114.96,112.23,2.73,2.433,2009,19.1,Rome,ITA
F200,Women's 200m Freestyle,F,Women,200,120,Katie Ledecky,USA,United States of America,No,01:54.97,114.97,112.23,2.74,2.441,2024,27.1,San Antonio,USA
F200,Women's 200m Freestyle,F,Women,200,121,Sara Isakovic,SLO,Slovenia,No,01:54.97,114.97,112.23,2.74,2.441,2008,20.2,Beijing,CHN
F200,Women's 200m Freestyle,F,Women,200,122,Freya Constance Colbert,GBR,Great Britain,No,01:54.98,114.98,112.23,2.75,2.45,2026,22.0,Edinburgh,GBR
F200,Women's 200m Freestyle,F,Women,200,123,Junxuan Yang,CHN,People's Republic of China,No,01:54.98,114.98,112.23,2.75,2.45,2020,18.0,Beijing,CHN
F200,Women's 200m Freestyle,F,Women,200,124,Siobhan Haughey,HKG,"Hong Kong, China",No,01:54.98,114.98,112.23,2.75,2.45,2019,21.7,Gwangju,KOR
F200,Women's 200m Freestyle,F,Women,200,125,Emma Mckeon,AUS,Australia,Yes,01:54.99,114.99,112.23,2.76,2.459,2017,23.2,Budapest,HUN
F200,Women's 200m Freestyle,F,Women,200,126,Federica Pellegrini,ITA,Italy,No,01:55.00,115.0,112.23,2.77,2.468,2015,26.9,Vichy,FRA
F200,Women's 200m Freestyle,F,Women,200,127,Junxuan Yang,CHN,People's Republic of China,No,01:55.01,115.01,112.23,2.78,2.477,2021,19.5,Tokyo,JPN
F200,Women's 200m Freestyle,F,Women,200,128,Katie Ledecky,USA,United States of America,No,01:55.01,115.01,112.23,2.78,2.477,2016,19.4,Rio de Janeiro,BRA
F200,Women's 200m Freestyle,F,Women,200,129,Siobhan Haughey,HKG,"Hong Kong, China",No,01:55.03,115.03,112.23,2.8,2.495,2023,26.0,Athens,GRE
F200,Women's 200m Freestyle,F,Women,200,130,Siobhan Haughey,HKG,"Hong Kong, China",No,01:55.03,115.03,112.23,2.8,2.495,2023,25.6,Monaco,MON
F200,Women's 200m Freestyle,F,Women,200,131,Summer Mcintosh,CAN,Canada,No,01:55.04,115.04,112.23,2.81,2.504,2023,16.5,Fort Lauderdale,USA
F200,Women's 200m Freestyle,F,Women,200,132,Rikako Ikee,JPN,Japan,No,01:55.04,115.04,112.23,2.81,2.504,2018,17.6,Tokyo,JPN
F200,Women's 200m Freestyle,F,Women,200,133,Sarah Sjoestroem,SWE,Sweden,No,01:55.04,115.04,112.23,2.81,2.504,2014,20.6,Eindhoven,NED
F200,Women's 200m Freestyle,F,Women,200,134,Allison Schmitt,USA,United States of America,No,01:55.04,115.04,112.23,2.81,2.504,2012,22.0,Austin,USA
F200,Women's 200m Freestyle,F,Women,200,135,Sarah Sjoestroem,SWE,Sweden,No,01:55.05,115.05,112.23,2.82,2.513,2015,21.8,Rome,ITA
F200,Women's 200m Freestyle,F,Women,200,136,Jiaying Pang,CHN,People's Republic of China,No,01:55.05,115.05,112.23,2.82,2.513,2008,23.6,Beijing,CHN
F200,Women's 200m Freestyle,F,Women,200,137,Freya Constance Colbert,GBR,Great Britain,No,01:55.06,115.06,112.23,2.83,2.522,2025,21.4,Singapore,SGP
F200,Women's 200m Freestyle,F,Women,200,138,Missy Franklin,USA,United States of America,No,01:55.06,115.06,112.23,2.83,2.522,2011,16.2,Shanghai,CHN
F200,Women's 200m Freestyle,F,Women,200,139,Veronika Andrusenko,RUS,Russian Federation,No,01:55.08,115.08,112.23,2.85,2.539,2017,26.5,Budapest,HUN
F200,Women's 200m Freestyle,F,Women,200,140,Ariarne Titmus,AUS,Australia,Yes,01:55.09,115.09,112.23,2.86,2.548,2019,18.8,Brisbane,AUS
F200,Women's 200m Freestyle,F,Women,200,141,Siobhan Haughey,HKG,"Hong Kong, China",No,01:55.10,115.1,112.23,2.87,2.557,2026,28.4,Stockholm,SWE
F200,Women's 200m Freestyle,F,Women,200,142,Siobhan Haughey,HKG,"Hong Kong, China",No,01:55.10,115.1,112.23,2.87,2.557,2023,25.9,Berlin,GER
F200,Women's 200m Freestyle,F,Women,200,143,Katie Ledecky,USA,United States of America,No,01:55.10,115.1,112.23,2.87,2.557,2016,19.3,Omaha,USA
F200,Women's 200m Freestyle,F,Women,200,144,Mollie O'callaghan,AUS,Australia,Yes,01:55.11,115.11,112.23,2.88,2.566,2021,17.3,Tokyo,JPN
F200,Women's 200m Freestyle,F,Women,200,145,Katie Ledecky,USA,United States of America,No,01:55.11,115.11,112.23,2.88,2.566,2021,24.2,Omaha,USA
F200,Women's 200m Freestyle,F,Women,200,146,Barbora Seemanova,CZE,Czechia,No,01:55.12,115.12,112.23,2.89,2.575,2024,24.2,London,GBR
F200,Women's 200m Freestyle,F,Women,200,147,Federica Pellegrini,ITA,Italy,No,01:55.14,115.14,112.23,2.91,2.593,2019,31.0,Gwangju,KOR
F200,Women's 200m Freestyle,F,Women,200,148,Sarah Sjoestroem,SWE,Sweden,No,01:55.14,115.14,112.23,2.91,2.593,2019,25.9,Gwangju,KOR
F200,Women's 200m Freestyle,F,Women,200,149,Federica Pellegrini,ITA,Italy,No,01:55.14,115.14,112.23,2.91,2.593,2013,25.0,Barcelona,ESP
F200,Women's 200m Freestyle,F,Women,200,150,Mollie O'callaghan,AUS,Australia,Yes,01:55.15,115.15,112.23,2.92,2.602,2023,19.0,Gold Coast,AUS
F200,Women's 200m Freestyle,F,Women,200,151,Katie Ledecky,USA,United States of America,No,01:55.15,115.15,112.23,2.92,2.602,2022,25.1,Greensboro,USA
F200,Women's 200m Freestyle,F,Women,200,152,Katie Ledecky,USA,United States of America,No,01:55.15,115.15,112.23,2.92,2.602,2018,21.4,Tokyo,JPN
F200,Women's 200m Freestyle,F,Women,200,153,Siobhan Haughey,HKG,"Hong Kong, China",No,01:55.16,115.16,112.23,2.93,2.611,2021,23.7,Tokyo,JPN
F200,Women's 200m Freestyle,F,Women,200,154,Katie Ledecky,USA,United States of America,No,01:55.16,115.16,112.23,2.93,2.611,2018,21.4,Tokyo,JPN
F200,Women's 200m Freestyle,F,Women,200,155,Katie Ledecky,USA,United States of America,No,01:55.16,115.16,112.23,2.93,2.611,2015,18.4,Kazan,RUS
F200,Women's 200m Freestyle,F,Women,200,156,Katie Ledecky,USA,United States of America,No,01:55.16,115.16,112.23,2.93,2.611,2014,17.4,Irvine,USA
F200,Women's 200m Freestyle,F,Women,200,157,Katie Ledecky,USA,United States of America,No,01:55.18,115.18,112.23,2.95,2.629,2017,20.4,Budapest,HUN
F200,Women's 200m Freestyle,F,Women,200,158,Emma Mckeon,AUS,Australia,Yes,01:55.18,115.18,112.23,2.95,2.629,2017,23.2,Budapest,HUN
F200,Women's 200m Freestyle,F,Women,200,159,Federica Pellegrini,ITA,Italy,No,01:55.18,115.18,112.23,2.95,2.629,2016,28.0,Rio de Janeiro,BRA
F200,Women's 200m Freestyle,F,Women,200,160,Barbora Seemanova,CZE,Czechia,No,01:55.20,115.2,112.23,2.97,2.646,2025,25.3,Singapore,SGP
F200,Women's 200m Freestyle,F,Women,200,161,Katie Ledecky,USA,United States of America,No,01:55.21,115.21,112.23,2.98,2.655,2021,24.4,Tokyo,JPN
F200,Women's 200m Freestyle,F,Women,200,162,Siobhan Haughey,HKG,"Hong Kong, China",No,01:55.21,115.21,112.23,2.98,2.655,2020,22.2,Beijing,CHN
F200,Women's 200m Freestyle,F,Women,200,163,Camille Muffat,FRA,France,No,01:55.21,115.21,112.23,2.98,2.655,2012,22.6,Monaco,MON
F200,Women's 200m Freestyle,F,Women,200,164,Katie Ledecky,USA,United States of America,No,01:55.22,115.22,112.23,2.99,2.664,2024,27.3,Indianapolis,USA
F200,Women's 200m Freestyle,F,Women,200,165,Mollie O'callaghan,AUS,Australia,Yes,01:55.22,115.22,112.23,2.99,2.664,2022,18.2,Budapest,HUN
F200,Women's 200m Freestyle,F,Women,200,166,Femke Heemskerk,NED,Netherlands,No,01:55.22,115.22,112.23,2.99,2.664,2015,27.7,Barcelona,ESP
F200,Women's 200m Freestyle,F,Women,200,167,Erin Gemmell,USA,United States of America,No,01:55.23,115.23,112.23,3.0,2.673,2025,20.5,Indianapolis,USA
F200,Women's 200m Freestyle,F,Women,200,168,Sarah Sjoestroem,SWE,Sweden,No,01:55.23,115.23,112.23,3.0,2.673,2012,18.5,London,GBR
F200,Women's 200m Freestyle,F,Women,200,169,Claire Weinstein,USA,United States of America,No,01:55.24,115.24,112.23,3.01,2.682,2024,17.4,Paris,FRA
F200,Women's 200m Freestyle,F,Women,200,170,Summer Mcintosh,CAN,Canada,No,01:55.24,115.24,112.23,3.01,2.682,2022,16.0,Birmingham,GBR
F200,Women's 200m Freestyle,F,Women,200,171,Katie Ledecky,USA,United States of America,No,01:55.25,115.25,112.23,3.02,2.691,2024,27.3,Indianapolis,USA
F200,Women's 200m Freestyle,F,Women,200,172,Duo Shen,CHN,People's Republic of China,No,01:55.25,115.25,112.23,3.02,2.691,2016,19.2,Rio de Janeiro,BRA
F200,Women's 200m Freestyle,F,Women,200,173,Bronte Barratt,AUS,Australia,Yes,01:55.25,115.25,112.23,3.02,2.691,2016,27.5,Rio de Janeiro,BRA
F200,Women's 200m Freestyle,F,Women,200,174,Katie Ledecky,USA,United States of America,No,01:55.26,115.26,112.23,3.03,2.7,2025,28.2,Indianapolis,USA
F200,Women's 200m Freestyle,F,Women,200,175,Claire Weinstein,USA,United States of America,No,01:55.26,115.26,112.23,3.03,2.7,2023,16.3,Indianapolis,USA
F200,Women's 200m Freestyle,F,Women,200,176,Veronika Andrusenko,RUS,Russian Federation,No,01:55.26,115.26,112.23,3.03,2.7,2017,26.5,Budapest,HUN
F200,Women's 200m Freestyle,F,Women,200,177,Mollie O'callaghan,AUS,Australia,Yes,01:55.27,115.27,112.23,3.04,2.709,2023,18.9,Sydney,AUS
F200,Women's 200m Freestyle,F,Women,200,178,Ariarne Titmus,AUS,Australia,Yes,01:55.27,115.27,112.23,3.04,2.709,2018,17.9,Tokyo,JPN
F200,Women's 200m Freestyle,F,Women,200,179,Katie Ledecky,USA,United States of America,No,01:55.28,115.28,112.23,3.05,2.718,2023,26.3,Indianapolis,USA
F200,Women's 200m Freestyle,F,Women,200,180,Ariarne Titmus,AUS,Australia,Yes,01:55.28,115.28,112.23,3.05,2.718,2023,22.6,Gold Coast,AUS
F200,Women's 200m Freestyle,F,Women,200,181,Katie Ledecky,USA,United States of America,No,01:55.28,115.28,112.23,3.05,2.718,2021,24.4,Tokyo,JPN
F200,Women's 200m Freestyle,F,Women,200,182,Mary-Sophie Harvey,CAN,Canada,No,01:55.29,115.29,112.23,3.06,2.727,2024,25.0,Paris,FRA
F200,Women's 200m Freestyle,F,Women,200,183,Dana Vollmer,USA,United States of America,No,01:55.29,115.29,112.23,3.06,2.727,2009,21.7,Rome,ITA
F200,Women's 200m Freestyle,F,Women,200,184,Dana Vollmer,USA,United States of America,No,01:55.29,115.29,112.23,3.06,2.727,2009,21.7,Rome,ITA
F200,Women's 200m Freestyle,F,Women,200,185,Sarah Sjoestroem,SWE,Sweden,No,01:55.30,115.3,112.23,3.07,2.735,2016,22.8,London,GBR
F200,Women's 200m Freestyle,F,Women,200,186,Federica Pellegrini,ITA,Italy,No,01:55.30,115.3,112.23,3.07,2.735,2016,27.7,Riccione,ITA
F200,Women's 200m Freestyle,F,Women,200,187,Katie Ledecky,USA,United States of America,No,01:55.32,115.32,112.23,3.09,2.753,2018,21.7,Greensboro,USA
F200,Women's 200m Freestyle,F,Women,200,188,Federica Pellegrini,ITA,Italy,No,01:55.32,115.32,112.23,3.09,2.753,2015,27.0,Kazan,RUS
F200,Women's 200m Freestyle,F,Women,200,189,Katie Ledecky,USA,United States of America,No,01:55.34,115.34,112.23,3.11,2.771,2021,24.4,Tokyo,JPN
F200,Women's 200m Freestyle,F,Women,200,190,Katie Ledecky,USA,United States of America,No,01:55.34,115.34,112.23,3.11,2.771,2017,20.2,Santa Clara,USA
F200,Women's 200m Freestyle,F,Women,200,191,Siobhan Haughey,HKG,"Hong Kong, China",No,01:55.35,115.35,112.23,3.12,2.78,2024,26.6,Rome,ITA
F200,Women's 200m Freestyle,F,Women,200,192,Femke Heemskerk,NED,Netherlands,No,01:55.35,115.35,112.23,3.12,2.78,2014,27.2,Amsterdam,NED
F200,Women's 200m Freestyle,F,Women,200,193,Femke Heemskerk,NED,Netherlands,No,01:55.35,115.35,112.23,3.12,2.78,2014,27.2,Amsterdam,NED
F200,Women's 200m Freestyle,F,Women,200,194,Ariarne Titmus,AUS,Australia,Yes,01:55.36,115.36,112.23,3.13,2.789,2019,18.9,Gwangju,KOR
F200,Women's 200m Freestyle,F,Women,200,195,Barbora Seemanova,CZE,Czechia,No,01:55.37,115.37,112.23,3.14,2.798,2024,24.2,Belgrade,SRB
F200,Women's 200m Freestyle,F,Women,200,196,Shayna Jack,AUS,Australia,Yes,01:55.37,115.37,112.23,3.14,2.798,2023,24.5,Gold Coast,AUS
F200,Women's 200m Freestyle,F,Women,200,197,Katie Ledecky,USA,United States of America,No,01:55.37,115.37,112.23,3.14,2.798,2015,18.7,Minneapolis,USA
F200,Women's 200m Freestyle,F,Women,200,198,Junxuan Yang,CHN,People's Republic of China,No,01:55.38,115.38,112.23,3.15,2.807,2024,22.5,Paris,FRA
F200,Women's 200m Freestyle,F,Women,200,199,Ariarne Titmus,AUS,Australia,Yes,01:55.38,115.38,112.23,3.15,2.807,2024,23.6,Gold Coast,AUS
F200,Women's 200m Freestyle,F,Women,200,200,Penny Oleksiak,CAN,Canada,No,01:55.38,115.38,112.23,3.15,2.807,2021,21.1,Tokyo,JPN
F400,Women's 400m Freestyle,F,Women,400,1,Summer Mcintosh,CAN,Canada,No,03:54.18,234.18,234.18,0.0,0.0,2025,18.8,Victoria,CAN
F400,Women's 400m Freestyle,F,Women,400,2,Summer Mcintosh,CAN,Canada,No,03:55.37,235.37,234.18,1.19,0.508,2025,19.3,Austin,USA
F400,Women's 400m Freestyle,F,Women,400,3,Ariarne Titmus,AUS,Australia,Yes,03:55.38,235.38,234.18,1.2,0.512,2023,22.9,Fukuoka,JPN
F400,Women's 400m Freestyle,F,Women,400,4,Ariarne Titmus,AUS,Australia,Yes,03:55.44,235.44,234.18,1.26,0.538,2024,23.8,Brisbane,AUS
F400,Women's 400m Freestyle,F,Women,400,5,Summer Mcintosh,CAN,Canada,No,03:56.08,236.08,234.18,1.9,0.811,2023,16.6,Toronto,CAN
F400,Women's 400m Freestyle,F,Women,400,6,Summer Mcintosh,CAN,Canada,No,03:56.26,236.26,234.18,2.08,0.888,2025,18.9,Singapore,SGP
F400,Women's 400m Freestyle,F,Women,400,7,Ariarne Titmus,AUS,Australia,Yes,03:56.40,236.4,234.18,2.22,0.948,2022,21.7,Adelaide,AUS
F400,Women's 400m Freestyle,F,Women,400,8,Katie Ledecky,USA,United States of America,No,03:56.46,236.46,234.18,2.28,0.974,2016,19.4,Rio de Janeiro,BRA
F400,Women's 400m Freestyle,F,Women,400,9,Ariarne Titmus,AUS,Australia,Yes,03:56.69,236.69,234.18,2.51,1.072,2021,20.9,Tokyo,JPN
F400,Women's 400m Freestyle,F,Women,400,10,Katie Ledecky,USA,United States of America,No,03:56.81,236.81,234.18,2.63,1.123,2025,28.1,Fort Lauderdale,USA
F400,Women's 400m Freestyle,F,Women,400,11,Ariarne Titmus,AUS,Australia,Yes,03:56.90,236.9,234.18,2.72,1.161,2021,20.8,Adelaide,AUS
F400,Women's 400m Freestyle,F,Women,400,12,Katie Ledecky,USA,United States of America,No,03:57.36,237.36,234.18,3.18,1.358,2021,24.4,Tokyo,JPN
F400,Women's 400m Freestyle,F,Women,400,13,Ariarne Titmus,AUS,Australia,Yes,03:57.49,237.49,234.18,3.31,1.413,2024,23.9,Paris,FRA
F400,Women's 400m Freestyle,F,Women,400,14,Katie Ledecky,USA,United States of America,No,03:57.94,237.94,234.18,3.76,1.606,2018,21.2,Indianapolis,USA
F400,Women's 400m Freestyle,F,Women,400,15,Ariarne Titmus,AUS,Australia,Yes,03:58.06,238.06,234.18,3.88,1.657,2022,21.9,Birmingham,GBR
F400,Women's 400m Freestyle,F,Women,400,16,Katie Ledecky,USA,United States of America,No,03:58.15,238.15,234.18,3.97,1.695,2022,25.3,Budapest,HUN
F400,Women's 400m Freestyle,F,Women,400,17,Bingjie Li,CHN,People's Republic of China,No,03:58.21,238.21,234.18,4.03,1.721,2025,23.4,Singapore,SGP
F400,Women's 400m Freestyle,F,Women,400,18,Summer Mcintosh,CAN,Canada,No,03:58.28,238.28,234.18,4.1,1.751,2025,18.7,Fort Lauderdale,USA
F400,Women's 400m Freestyle,F,Women,400,19,Katie Ledecky,USA,United States of America,No,03:58.34,238.34,234.18,4.16,1.776,2017,20.4,Budapest,HUN
F400,Women's 400m Freestyle,F,Women,400,20,Katie Ledecky,USA,United States of America,No,03:58.35,238.35,234.18,4.17,1.781,2024,27.2,Indianapolis,USA
F400,Women's 400m Freestyle,F,Women,400,21,Summer Mcintosh,CAN,Canada,No,03:58.37,238.37,234.18,4.19,1.789,2024,17.9,Paris,FRA
F400,Women's 400m Freestyle,F,Women,400,22,Katie Ledecky,USA,United States of America,No,03:58.37,238.37,234.18,4.19,1.789,2014,17.4,Gold Coast,AUS
F400,Women's 400m Freestyle,F,Women,400,23,Katie Ledecky,USA,United States of America,No,03:58.44,238.44,234.18,4.26,1.819,2017,20.3,Indianapolis,USA
F400,Women's 400m Freestyle,F,Women,400,24,Ariarne Titmus,AUS,Australia,Yes,03:58.47,238.47,234.18,4.29,1.832,2023,22.8,Melbourne,AUS
F400,Women's 400m Freestyle,F,Women,400,25,Katie Ledecky,USA,United States of America,No,03:58.49,238.49,234.18,4.31,1.84,2025,28.4,Singapore,SGP
F400,Women's 400m Freestyle,F,Women,400,26,Katie Ledecky,USA,United States of America,No,03:58.50,238.5,234.18,4.32,1.845,2018,21.4,Tokyo,JPN
F400,Women's 400m Freestyle,F,Women,400,27,Katie Ledecky,USA,United States of America,No,03:58.56,238.56,234.18,4.38,1.87,2025,28.2,Indianapolis,USA
F400,Women's 400m Freestyle,F,Women,400,28,Katie Ledecky,USA,United States of America,No,03:58.71,238.71,234.18,4.53,1.934,2016,19.4,Rio de Janeiro,BRA
F400,Women's 400m Freestyle,F,Women,400,29,Katie Ledecky,USA,United States of America,No,03:58.73,238.73,234.18,4.55,1.943,2023,26.3,Fukuoka,JPN
F400,Women's 400m Freestyle,F,Women,400,30,Ariarne Titmus,AUS,Australia,Yes,03:58.76,238.76,234.18,4.58,1.956,2019,18.9,Gwangju,KOR
F400,Women's 400m Freestyle,F,Women,400,31,Katie Ledecky,USA,United States of America,No,03:58.84,238.84,234.18,4.66,1.99,2023,26.2,Atlanta,USA
F400,Women's 400m Freestyle,F,Women,400,32,Katie Ledecky,USA,United States of America,No,03:58.86,238.86,234.18,4.68,1.998,2014,17.4,Irvine,USA
F400,Women's 400m Freestyle,F,Women,400,33,Lani Pallister,AUS,Australia,Yes,03:58.87,238.87,234.18,4.69,2.003,2025,23.1,Singapore,SGP
F400,Women's 400m Freestyle,F,Women,400,34,Summer Mcintosh,CAN,Canada,No,03:58.91,238.91,234.18,4.73,2.02,2026,19.7,Fort Lauderdale,USA
F400,Women's 400m Freestyle,F,Women,400,35,Katie Ledecky,USA,United States of America,No,03:58.98,238.98,234.18,4.8,2.05,2016,19.3,Omaha,USA
F400,Women's 400m Freestyle,F,Women,400,36,Katie Ledecky,USA,United States of America,No,03:59.02,239.02,234.18,4.84,2.067,2026,29.1,Fort Lauderdale,USA
F400,Women's 400m Freestyle,F,Women,400,37,Summer Mcintosh,CAN,Canada,No,03:59.06,239.06,234.18,4.88,2.084,2024,17.7,Toronto,CAN
F400,Women's 400m Freestyle,F,Women,400,38,Katie Ledecky,USA,United States of America,No,03:59.06,239.06,234.18,4.88,2.084,2017,20.4,Budapest,HUN
F400,Women's 400m Freestyle,F,Women,400,39,Katie Ledecky,USA,United States of America,No,03:59.09,239.09,234.18,4.91,2.097,2018,21.4,Irvine,USA
F400,Women's 400m Freestyle,F,Women,400,40,Ariarne Titmus,AUS,Australia,Yes,03:59.13,239.13,234.18,4.95,2.114,2024,23.6,Gold Coast,AUS
F400,Women's 400m Freestyle,F,Women,400,41,Katie Ledecky,USA,United States of America,No,03:59.13,239.13,234.18,4.95,2.114,2015,18.4,Kazan,RUS
F400,Women's 400m Freestyle,F,Women,400,42,Federica Pellegrini,ITA,Italy,No,03:59.15,239.15,234.18,4.97,2.122,2009,21.0,Rome,ITA
F400,Women's 400m Freestyle,F,Women,400,43,Katie Ledecky,USA,United States of America,No,03:59.25,239.25,234.18,5.07,2.165,2021,24.1,Mission Viejo,USA
F400,Women's 400m Freestyle,F,Women,400,44,Katie Ledecky,USA,United States of America,No,03:59.28,239.28,234.18,5.1,2.178,2019,22.2,Santa Clara,USA
F400,Women's 400m Freestyle,F,Women,400,45,Summer Mcintosh,CAN,Canada,No,03:59.32,239.32,234.18,5.14,2.195,2022,16.0,Birmingham,GBR
F400,Women's 400m Freestyle,F,Women,400,46,Ariarne Titmus,AUS,Australia,Yes,03:59.35,239.35,234.18,5.17,2.208,2019,18.8,Brisbane,AUS
F400,Women's 400m Freestyle,F,Women,400,47,Lani Pallister,AUS,Australia,Yes,03:59.36,239.36,234.18,5.18,2.212,2026,23.8,Gold Coast,AUS
F400,Women's 400m Freestyle,F,Women,400,48,Summer Mcintosh,CAN,Canada,No,03:59.39,239.39,234.18,5.21,2.225,2022,15.8,Budapest,HUN
F400,Women's 400m Freestyle,F,Women,400,49,Summer Mcintosh,CAN,Canada,No,03:59.42,239.42,234.18,5.24,2.238,2023,17.3,Greensboro,USA
F400,Women's 400m Freestyle,F,Women,400,50,Katie Ledecky,USA,United States of America,No,03:59.44,239.44,234.18,5.26,2.246,2024,27.2,Atlanta,USA
F400,Women's 400m Freestyle,F,Women,400,51,Erika Fairweather,NZL,New Zealand,No,03:59.44,239.44,234.18,5.26,2.246,2024,20.1,Doha,QAT
F400,Women's 400m Freestyle,F,Women,400,52,Katie Ledecky,USA,United States of America,No,03:59.52,239.52,234.18,5.34,2.28,2022,25.1,Greensboro,USA
F400,Women's 400m Freestyle,F,Women,400,53,Katie Ledecky,USA,United States of America,No,03:59.54,239.54,234.18,5.36,2.289,2016,18.8,Austin,USA
F400,Women's 400m Freestyle,F,Women,400,54,Erika Fairweather,NZL,New Zealand,No,03:59.59,239.59,234.18,5.41,2.31,2023,19.6,Fukuoka,JPN
F400,Women's 400m Freestyle,F,Women,400,55,Katie Ledecky,USA,United States of America,No,03:59.66,239.66,234.18,5.48,2.34,2020,23.0,Des Moines,USA
F400,Women's 400m Freestyle,F,Women,400,56,Ariarne Titmus,AUS,Australia,Yes,03:59.66,239.66,234.18,5.48,2.34,2019,18.6,Adelaide,AUS
F400,Women's 400m Freestyle,F,Women,400,57,Ariarne Titmus,AUS,Australia,Yes,03:59.66,239.66,234.18,5.48,2.34,2018,17.9,Tokyo,JPN
F400,Women's 400m Freestyle,F,Women,400,58,Katie Ledecky,USA,United States of America,No,03:59.71,239.71,234.18,5.53,2.361,2022,25.7,Greensboro,USA
F400,Women's 400m Freestyle,F,Women,400,59,Lani Pallister,AUS,Australia,Yes,03:59.72,239.72,234.18,5.54,2.366,2025,23.0,Adelaide,AUS
F400,Women's 400m Freestyle,F,Women,400,60,Summer Mcintosh,CAN,Canada,No,03:59.79,239.79,234.18,5.61,2.396,2022,16.3,Greensboro,USA
F400,Women's 400m Freestyle,F,Women,400,61,Katie Ledecky,USA,United States of America,No,03:59.79,239.79,234.18,5.61,2.396,2022,25.3,Budapest,HUN
F400,Women's 400m Freestyle,F,Women,400,62,Katie Ledecky,USA,United States of America,No,03:59.82,239.82,234.18,5.64,2.408,2013,16.4,Barcelona,ESP
F400,Women's 400m Freestyle,F,Women,400,63,Katie Ledecky,USA,United States of America,No,03:59.89,239.89,234.18,5.71,2.438,2014,17.4,Irvine,USA
F400,Women's 400m Freestyle,F,Women,400,64,Summer Mcintosh,CAN,Canada,No,03:59.94,239.94,234.18,5.76,2.46,2023,16.9,Fukuoka,JPN
F400,Women's 400m Freestyle,F,Women,400,65,Katie Ledecky,USA,United States of America,No,03:59.95,239.95,234.18,5.77,2.464,2019,22.2,Bloomington,USA
F400,Women's 400m Freestyle,F,Women,400,66,Katie Ledecky,USA,United States of America,No,03:59.97,239.97,234.18,5.79,2.472,2019,22.3,Gwangju,KOR
F400,Women's 400m Freestyle,F,Women,400,67,Bingjie Li,CHN,People's Republic of China,No,03:59.99,239.99,234.18,5.81,2.481,2025,23.2,Shenzhen,CHN
F400,Women's 400m Freestyle,F,Women,400,68,Katie Ledecky,USA,United States of America,No,03:59.99,239.99,234.18,5.81,2.481,2024,27.2,Indianapolis,USA
F400,Women's 400m Freestyle,F,Women,400,69,Ariarne Titmus,AUS,Australia,Yes,04:00.03,240.03,234.18,5.85,2.498,2022,21.5,Sydney,AUS
F400,Women's 400m Freestyle,F,Women,400,70,Claire Weinstein,USA,United States of America,No,04:00.05,240.05,234.18,5.87,2.507,2025,18.3,Indianapolis,USA
F400,Women's 400m Freestyle,F,Women,400,71,Katie Ledecky,USA,United States of America,No,04:00.20,240.2,234.18,6.02,2.571,2023,25.8,Knoxville,USA
F400,Women's 400m Freestyle,F,Women,400,72,Katie Ledecky,USA,United States of America,No,04:00.31,240.31,234.18,6.13,2.618,2016,19.2,Atlanta,USA
F400,Women's 400m Freestyle,F,Women,400,73,Katie Ledecky,USA,United States of America,No,04:00.35,240.35,234.18,6.17,2.635,2018,21.7,Greensboro,USA
F400,Women's 400m Freestyle,F,Women,400,74,Katie Ledecky,USA,United States of America,No,04:00.37,240.37,234.18,6.19,2.643,2021,24.2,Austin,USA
F400,Women's 400m Freestyle,F,Women,400,75,Katie Ledecky,USA,United States of America,No,04:00.38,240.38,234.18,6.2,2.648,2022,25.1,Greensboro,USA
F400,Women's 400m Freestyle,F,Women,400,76,Federica Pellegrini,ITA,Italy,No,04:00.41,240.41,234.18,6.23,2.66,2009,20.9,Pescara,ITA
F400,Women's 400m Freestyle,F,Women,400,77,Katie Ledecky,USA,United States of America,No,04:00.45,240.45,234.18,6.27,2.677,2023,26.3,Indianapolis,USA
F400,Women's 400m Freestyle,F,Women,400,78,Katie Ledecky,USA,United States of America,No,04:00.45,240.45,234.18,6.27,2.677,2021,24.4,Tokyo,JPN
F400,Women's 400m Freestyle,F,Women,400,79,Katie Ledecky,USA,United States of America,No,04:00.47,240.47,234.18,6.29,2.686,2015,17.8,Austin,USA
F400,Women's 400m Freestyle,F,Women,400,80,Ariarne Titmus,AUS,Australia,Yes,04:00.49,240.49,234.18,6.31,2.695,2023,22.6,Gold Coast,AUS
F400,Women's 400m Freestyle,F,Women,400,81,Katie Ledecky,USA,United States of America,No,04:00.51,240.51,234.18,6.33,2.703,2021,24.7,Greensboro,USA
F400,Women's 400m Freestyle,F,Women,400,82,Katie Ledecky,USA,United States of America,No,04:00.51,240.51,234.18,6.33,2.703,2018,21.2,Santa Clara,USA
F400,Women's 400m Freestyle,F,Women,400,83,Katie Ledecky,USA,United States of America,No,04:00.54,240.54,234.18,6.36,2.716,2026,29.0,Westmont,USA
F400,Women's 400m Freestyle,F,Women,400,84,Katie Ledecky,USA,United States of America,No,04:00.54,240.54,234.18,6.36,2.716,2026,28.8,Austin,USA
F400,Women's 400m Freestyle,F,Women,400,85,Joanne Jackson,GBR,Great Britain,No,04:00.60,240.6,234.18,6.42,2.741,2009,22.9,Rome,ITA
F400,Women's 400m Freestyle,F,Women,400,86,Lani Pallister,AUS,Australia,Yes,04:00.61,240.61,234.18,6.43,2.746,2026,23.8,Shenzhen,CHN
F400,Women's 400m Freestyle,F,Women,400,87,Erika Fairweather,NZL,New Zealand,No,04:00.62,240.62,234.18,6.44,2.75,2023,19.3,Auckland,NZL
F400,Women's 400m Freestyle,F,Women,400,88,Leah Smith,USA,United States of America,No,04:00.65,240.65,234.18,6.47,2.763,2016,21.2,Omaha,USA
F400,Women's 400m Freestyle,F,Women,400,89,Katie Ledecky,USA,United States of America,No,04:00.66,240.66,234.18,6.48,2.767,2025,28.2,Indianapolis,USA
F400,Women's 400m Freestyle,F,Women,400,90,Joanne Jackson,GBR,Great Britain,No,04:00.66,240.66,234.18,6.48,2.767,2009,22.5,Sheffield,GBR
F400,Women's 400m Freestyle,F,Women,400,91,Summer Mcintosh,CAN,Canada,No,04:00.68,240.68,234.18,6.5,2.776,2025,19.3,Austin,USA
F400,Women's 400m Freestyle,F,Women,400,92,Rebecca Adlington,GBR,Great Britain,No,04:00.79,240.79,234.18,6.61,2.823,2009,20.4,Rome,ITA
F400,Women's 400m Freestyle,F,Women,400,93,Katie Ledecky,USA,United States of America,No,04:00.80,240.8,234.18,6.62,2.827,2023,26.3,Fukuoka,JPN
F400,Women's 400m Freestyle,F,Women,400,94,Katie Ledecky,USA,United States of America,No,04:00.81,240.81,234.18,6.63,2.831,2019,22.7,Atlanta,USA
F400,Women's 400m Freestyle,F,Women,400,95,Katie Ledecky,USA,United States of America,No,04:00.86,240.86,234.18,6.68,2.853,2024,27.4,Paris,FRA
F400,Women's 400m Freestyle,F,Women,400,96,Ariarne Titmus,AUS,Australia,Yes,04:00.93,240.93,234.18,6.75,2.882,2018,17.6,Gold Coast,AUS
F400,Women's 400m Freestyle,F,Women,400,97,Katie Ledecky,USA,United States of America,No,04:00.98,240.98,234.18,6.8,2.904,2017,20.1,Atlanta,USA
F400,Women's 400m Freestyle,F,Women,400,98,Katie Ledecky,USA,United States of America,No,04:01.01,241.01,234.18,6.83,2.917,2017,20.1,Mesa,USA
F400,Women's 400m Freestyle,F,Women,400,99,Katie Ledecky,USA,United States of America,No,04:01.04,241.04,234.18,6.86,2.929,2025,28.4,Singapore,SGP
F400,Women's 400m Freestyle,F,Women,400,100,Katie Ledecky,USA,United States of America,No,04:01.04,241.04,234.18,6.86,2.929,2025,27.9,Plantation,USA
F400,Women's 400m Freestyle,F,Women,400,101,Bingjie Li,CHN,People's Republic of China,No,04:01.08,241.08,234.18,6.9,2.946,2023,21.2,Hangzhou,CHN
F400,Women's 400m Freestyle,F,Women,400,102,Bingjie Li,CHN,People's Republic of China,No,04:01.08,241.08,234.18,6.9,2.946,2021,19.4,Tokyo,JPN
F400,Women's 400m Freestyle,F,Women,400,103,Erika Fairweather,NZL,New Zealand,No,04:01.09,241.09,234.18,6.91,2.951,2023,19.8,Berlin,GER
F400,Women's 400m Freestyle,F,Women,400,104,Erika Fairweather,NZL,New Zealand,No,04:01.12,241.12,234.18,6.94,2.964,2024,20.6,Paris,FRA
F400,Women's 400m Freestyle,F,Women,400,105,Camille Muffat,FRA,France,No,04:01.13,241.13,234.18,6.95,2.968,2012,22.4,Dunkerke,FRA
F400,Women's 400m Freestyle,F,Women,400,106,Katie Ledecky,USA,United States of America,No,04:01.15,241.15,234.18,6.97,2.976,2025,28.4,Singapore,SGP
F400,Women's 400m Freestyle,F,Women,400,107,Bingjie Li,CHN,People's Republic of China,No,04:01.17,241.17,234.18,6.99,2.985,2025,23.7,Shenzhen,CHN
F400,Women's 400m Freestyle,F,Women,400,108,Summer Mcintosh,CAN,Canada,No,04:01.17,241.17,234.18,6.99,2.985,2025,18.8,Victoria,CAN
F400,Women's 400m Freestyle,F,Women,400,109,Jaz Carlin,GBR,Great Britain,No,04:01.23,241.23,234.18,7.05,3.011,2016,25.9,Rio de Janeiro,BRA
F400,Women's 400m Freestyle,F,Women,400,110,Claire Weinstein,USA,United States of America,No,04:01.26,241.26,234.18,7.08,3.023,2025,18.2,Fort Lauderdale,USA
F400,Women's 400m Freestyle,F,Women,400,111,Katie Ledecky,USA,United States of America,No,04:01.27,241.27,234.18,7.09,3.028,2025,27.9,Plantation,USA
F400,Women's 400m Freestyle,F,Women,400,112,Katie Ledecky,USA,United States of America,No,04:01.27,241.27,234.18,7.09,3.028,2021,24.2,Omaha,USA
F400,Women's 400m Freestyle,F,Women,400,113,Leah Smith,USA,United States of America,No,04:01.29,241.29,234.18,7.11,3.036,2019,24.3,Gwangju,KOR
F400,Women's 400m Freestyle,F,Women,400,114,Katie Ledecky,USA,United States of America,No,04:01.30,241.3,234.18,7.12,3.04,2022,25.0,Westmont,USA
F400,Women's 400m Freestyle,F,Women,400,115,Ajna Kesely,HUN,Hungary,No,04:01.31,241.31,234.18,7.13,3.045,2019,17.9,Gwangju,KOR
F400,Women's 400m Freestyle,F,Women,400,116,Summer Mcintosh,CAN,Canada,No,04:01.33,241.33,234.18,7.15,3.053,2025,19.0,Singapore,SGP
F400,Women's 400m Freestyle,F,Women,400,117,Lani Pallister,AUS,Australia,Yes,04:01.33,241.33,234.18,7.15,3.053,2025,23.2,Singapore,SGP
F400,Women's 400m Freestyle,F,Women,400,118,Ariarne Titmus,AUS,Australia,Yes,04:01.34,241.34,234.18,7.16,3.057,2021,20.6,Gold Coast,AUS
F400,Women's 400m Freestyle,F,Women,400,119,Katie Ledecky,USA,United States of America,No,04:01.37,241.37,234.18,7.19,3.07,2021,24.1,Mission Viejo,USA
F400,Women's 400m Freestyle,F,Women,400,120,Ariarne Titmus,AUS,Australia,Yes,04:01.39,241.39,234.18,7.21,3.079,2023,22.9,Fukuoka,JPN
F400,Women's 400m Freestyle,F,Women,400,121,Katie Ledecky,USA,United States of America,No,04:01.41,241.41,234.18,7.23,3.087,2024,27.1,San Antonio,USA
F400,Women's 400m Freestyle,F,Women,400,122,Katie Ledecky,USA,United States of America,No,04:01.45,241.45,234.18,7.27,3.104,2016,18.8,Austin,USA
F400,Women's 400m Freestyle,F,Women,400,123,Camille Muffat,FRA,France,No,04:01.45,241.45,234.18,7.27,3.104,2012,22.8,London,GBR
F400,Women's 400m Freestyle,F,Women,400,124,Katie Ledecky,USA,United States of America,No,04:01.50,241.5,234.18,7.32,3.126,2019,22.1,Richmond,USA
F400,Women's 400m Freestyle,F,Women,400,125,Federica Pellegrini,ITA,Italy,No,04:01.53,241.53,234.18,7.35,3.139,2008,19.6,Eindhoven,NED
F400,Women's 400m Freestyle,F,Women,400,126,Leah Smith,USA,United States of America,No,04:01.54,241.54,234.18,7.36,3.143,2017,22.3,Budapest,HUN
F400,Women's 400m Freestyle,F,Women,400,127,Ariarne Titmus,AUS,Australia,Yes,04:01.57,241.57,234.18,7.39,3.156,2024,23.8,Brisbane,AUS
F400,Women's 400m Freestyle,F,Women,400,128,Bingjie Li,CHN,People's Republic of China,No,04:01.57,241.57,234.18,7.39,3.156,2021,19.4,Tokyo,JPN
F400,Women's 400m Freestyle,F,Women,400,129,Katie Ledecky,USA,United States of America,No,04:01.59,241.59,234.18,7.41,3.164,2022,25.1,Greensboro,USA
F400,Women's 400m Freestyle,F,Women,400,130,Summer Mcintosh,CAN,Canada,No,04:01.59,241.59,234.18,7.41,3.164,2022,15.6,Victoria,CAN
F400,Women's 400m Freestyle,F,Women,400,131,Bingjie Li,CHN,People's Republic of China,No,04:01.62,241.62,234.18,7.44,3.177,2024,21.9,Doha,QAT
F400,Women's 400m Freestyle,F,Women,400,132,Katie Ledecky,USA,United States of America,No,04:01.64,241.64,234.18,7.46,3.186,2021,24.7,Greensboro,USA
F400,Women's 400m Freestyle,F,Women,400,133,Bingjie Li,CHN,People's Republic of China,No,04:01.65,241.65,234.18,7.47,3.19,2023,21.4,Fukuoka,JPN
F400,Women's 400m Freestyle,F,Women,400,134,Ariarne Titmus,AUS,Australia,Yes,04:01.66,241.66,234.18,7.48,3.194,2021,20.9,Tokyo,JPN
F400,Women's 400m Freestyle,F,Women,400,135,Katie Ledecky,USA,United States of America,No,04:01.68,241.68,234.18,7.5,3.203,2019,22.6,Greenboro,USA
F400,Women's 400m Freestyle,F,Women,400,136,Summer Mcintosh,CAN,Canada,No,04:01.72,241.72,234.18,7.54,3.22,2023,16.9,Fukuoka,JPN
F400,Women's 400m Freestyle,F,Women,400,137,Katie Ledecky,USA,United States of America,No,04:01.73,241.73,234.18,7.55,3.224,2023,26.3,Indianapolis,USA
F400,Women's 400m Freestyle,F,Women,400,138,Ariarne Titmus,AUS,Australia,Yes,04:01.73,241.73,234.18,7.55,3.224,2018,17.8,Adelaide,AUS
F400,Women's 400m Freestyle,F,Women,400,139,Ariarne Titmus,AUS,Australia,Yes,04:01.73,241.73,234.18,7.55,3.224,2018,17.8,Adelaide,AUS
F400,Women's 400m Freestyle,F,Women,400,140,Katie Ledecky,USA,United States of America,No,04:01.73,241.73,234.18,7.55,3.224,2015,18.4,Kazan,RUS
F400,Women's 400m Freestyle,F,Women,400,141,Lani Pallister,AUS,Australia,Yes,04:01.75,241.75,234.18,7.57,3.233,2024,21.9,Gold Coast,AUS
F400,Women's 400m Freestyle,F,Women,400,142,Bingjie Li,CHN,People's Republic of China,No,04:01.75,241.75,234.18,7.57,3.233,2017,15.5,Tianjin,CHN
F400,Women's 400m Freestyle,F,Women,400,143,Allison Schmitt,USA,United States of America,No,04:01.77,241.77,234.18,7.59,3.241,2012,22.1,London,GBR
F400,Women's 400m Freestyle,F,Women,400,144,Katie Ledecky,USA,United States of America,No,04:01.78,241.78,234.18,7.6,3.245,2025,28.1,Fort Lauderdale,USA
F400,Women's 400m Freestyle,F,Women,400,145,Katie Ledecky,USA,United States of America,No,04:01.80,241.8,234.18,7.62,3.254,2023,26.2,Atlanta,USA
F400,Women's 400m Freestyle,F,Women,400,146,Katie Ledecky,USA,United States of America,No,04:01.81,241.81,234.18,7.63,3.258,2015,18.3,Bloomington,USA
F400,Women's 400m Freestyle,F,Women,400,147,Katie Ledecky,USA,United States of America,No,04:01.84,241.84,234.18,7.66,3.271,2019,22.3,Gwangju,KOR
F400,Women's 400m Freestyle,F,Women,400,148,Katie Ledecky,USA,United States of America,No,04:01.88,241.88,234.18,7.7,3.288,2023,26.3,Indianapolis,USA
F400,Women's 400m Freestyle,F,Women,400,149,Peiqi Yang,CHN,People's Republic of China,No,04:01.90,241.9,234.18,7.72,3.297,2025,18.5,Shenzhen,CHN
F400,Women's 400m Freestyle,F,Women,400,150,Erika Fairweather,NZL,New Zealand,No,04:01.90,241.9,234.18,7.72,3.297,2023,19.8,Athens,GRE
F400,Women's 400m Freestyle,F,Women,400,151,Katie Ledecky,USA,United States of America,No,04:01.92,241.92,234.18,7.74,3.305,2023,26.4,Fukuoka,JPN
F400,Women's 400m Freestyle,F,Women,400,152,Leah Smith,USA,United States of America,No,04:01.92,241.92,234.18,7.74,3.305,2016,21.3,Rio de Janeiro,BRA
F400,Women's 400m Freestyle,F,Women,400,153,Ariarne Titmus,AUS,Australia,Yes,04:01.94,241.94,234.18,7.76,3.314,2023,22.5,Sydney,AUS
F400,Women's 400m Freestyle,F,Women,400,154,Muhan Tang,CHN,People's Republic of China,No,04:01.95,241.95,234.18,7.77,3.318,2021,18.0,Xi'an,CHN
F400,Women's 400m Freestyle,F,Women,400,155,Katie Ledecky,USA,United States of America,No,04:01.95,241.95,234.18,7.77,3.318,2015,18.1,Mesa,USA
F400,Women's 400m Freestyle,F,Women,400,156,Katie Ledecky,USA,United States of America,No,04:01.96,241.96,234.18,7.78,3.322,2025,28.4,Singapore,SGP
F400,Women's 400m Freestyle,F,Women,400,157,Bingjie Li,CHN,People's Republic of China,No,04:01.96,241.96,234.18,7.78,3.322,2023,21.6,Hangzhou,CHN
F400,Women's 400m Freestyle,F,Women,400,158,Katie Ledecky,USA,United States of America,No,04:01.96,241.96,234.18,7.78,3.322,2017,20.1,Mesa,USA
F400,Women's 400m Freestyle,F,Women,400,159,Federica Pellegrini,ITA,Italy,No,04:01.96,241.96,234.18,7.78,3.322,2009,21.0,Rome,ITA
F400,Women's 400m Freestyle,F,Women,400,160,Federica Pellegrini,ITA,Italy,No,04:01.97,241.97,234.18,7.79,3.327,2011,23.0,Shanghai,CHN
F400,Women's 400m Freestyle,F,Women,400,161,Katie Ledecky,USA,United States of America,No,04:01.98,241.98,234.18,7.8,3.331,2016,19.4,Rio de Janeiro,BRA
F400,Women's 400m Freestyle,F,Women,400,162,Leah Smith,USA,United States of America,No,04:02.00,242.0,234.18,7.82,3.339,2017,22.3,Budapest,HUN
F400,Women's 400m Freestyle,F,Women,400,163,Lani Pallister,AUS,Australia,Yes,04:02.07,242.07,234.18,7.89,3.369,2023,21.3,Berlin,GER
F400,Women's 400m Freestyle,F,Women,400,164,Paige Madden,USA,United States of America,No,04:02.08,242.08,234.18,7.9,3.373,2024,25.6,Indianapolis,USA
F400,Women's 400m Freestyle,F,Women,400,165,Leah Smith,USA,United States of America,No,04:02.08,242.08,234.18,7.9,3.373,2022,27.2,Budapest,HUN
F400,Women's 400m Freestyle,F,Women,400,166,Katie Ledecky,USA,United States of America,No,04:02.08,242.08,234.18,7.9,3.373,2018,21.2,Indianapolis,USA
F400,Women's 400m Freestyle,F,Women,400,167,Erika Fairweather,NZL,New Zealand,No,04:02.09,242.09,234.18,7.91,3.378,2026,22.3,Gold Coast,AUS
F400,Women's 400m Freestyle,F,Women,400,168,Laure Manaudou,FRA,France,No,04:02.13,242.13,234.18,7.95,3.395,2006,19.8,Budapest,HUN
F400,Women's 400m Freestyle,F,Women,400,169,Isabel Gose,GER,Germany,No,04:02.14,242.14,234.18,7.96,3.399,2024,22.2,Paris,FRA
F400,Women's 400m Freestyle,F,Women,400,170,Summer Mcintosh,CAN,Canada,No,04:02.15,242.15,234.18,7.97,3.403,2025,18.5,Plantation,USA
F400,Women's 400m Freestyle,F,Women,400,171,Katie Ledecky,USA,United States of America,No,04:02.15,242.15,234.18,7.97,3.403,2016,19.1,Mesa,USA
F400,Women's 400m Freestyle,F,Women,400,172,Lani Pallister,AUS,Australia,Yes,04:02.16,242.16,234.18,7.98,3.408,2022,20.0,Budapest,HUN
F400,Women's 400m Freestyle,F,Women,400,173,Katie Ledecky,USA,United States of America,No,04:02.19,242.19,234.18,8.01,3.42,2024,27.4,Paris,FRA
F400,Women's 400m Freestyle,F,Women,400,174,Federica Pellegrini,ITA,Italy,No,04:02.19,242.19,234.18,8.01,3.42,2008,20.0,Beijing,CHN
F400,Women's 400m Freestyle,F,Women,400,175,Lani Pallister,AUS,Australia,Yes,04:02.21,242.21,234.18,8.03,3.429,2022,20.0,Adelaide,AUS
F400,Women's 400m Freestyle,F,Women,400,176,Katie Ledecky,USA,United States of America,No,04:02.21,242.21,234.18,8.03,3.429,2018,21.4,Tokyo,JPN
F400,Women's 400m Freestyle,F,Women,400,177,Leah Smith,USA,United States of America,No,04:02.21,242.21,234.18,8.03,3.429,2018,23.3,Irvine,USA
F400,Women's 400m Freestyle,F,Women,400,178,Rebecca Adlington,GBR,Great Britain,No,04:02.24,242.24,234.18,8.06,3.442,2008,19.5,Beijing,CHN
F400,Women's 400m Freestyle,F,Women,400,179,Paige Madden,USA,United States of America,No,04:02.26,242.26,234.18,8.08,3.45,2024,25.8,Paris,FRA
F400,Women's 400m Freestyle,F,Women,400,180,Lani Pallister,AUS,Australia,Yes,04:02.27,242.27,234.18,8.09,3.455,2024,22.0,Brisbane,AUS
F400,Women's 400m Freestyle,F,Women,400,181,Erika Fairweather,NZL,New Zealand,No,04:02.28,242.28,234.18,8.1,3.459,2021,17.6,Tokyo,JPN
F400,Women's 400m Freestyle,F,Women,400,182,Lani Pallister,AUS,Australia,Yes,04:02.34,242.34,234.18,8.16,3.484,2025,22.9,Brisbane,AUS
F400,Women's 400m Freestyle,F,Women,400,183,Erika Fairweather,NZL,New Zealand,No,04:02.35,242.35,234.18,8.17,3.489,2024,20.3,Hastings,NZL
F400,Women's 400m Freestyle,F,Women,400,184,Erika Fairweather,NZL,New Zealand,No,04:02.35,242.35,234.18,8.17,3.489,2023,19.8,Budapest,HUN
F400,Women's 400m Freestyle,F,Women,400,185,Rebecca Adlington,GBR,Great Britain,No,04:02.35,242.35,234.18,8.17,3.489,2012,23.0,London,GBR
F400,Women's 400m Freestyle,F,Women,400,186,Lani Pallister,AUS,Australia,Yes,04:02.36,242.36,234.18,8.18,3.493,2025,23.1,Singapore,SGP
F400,Women's 400m Freestyle,F,Women,400,187,Bingjie Li,CHN,People's Republic of China,No,04:02.36,242.36,234.18,8.18,3.493,2021,19.2,Qingdao,CHN
F400,Women's 400m Freestyle,F,Women,400,188,Ariarne Titmus,AUS,Australia,Yes,04:02.36,242.36,234.18,8.18,3.493,2018,17.5,Gold Coast,AUS
F400,Women's 400m Freestyle,F,Women,400,189,Boglarka Kapas,HUN,Hungary,No,04:02.37,242.37,234.18,8.19,3.497,2016,23.3,Rio de Janeiro,BRA
F400,Women's 400m Freestyle,F,Women,400,190,Katie Ledecky,USA,United States of America,No,04:02.38,242.38,234.18,8.2,3.502,2023,26.7,Greensboro,USA
F400,Women's 400m Freestyle,F,Women,400,191,Katie Ledecky,USA,United States of America,No,04:02.38,242.38,234.18,8.2,3.502,2021,24.2,Austin,USA
F400,Women's 400m Freestyle,F,Women,400,192,Ariarne Titmus,AUS,Australia,Yes,04:02.39,242.39,234.18,8.21,3.506,2024,23.5,Sydney,AUS
F400,Women's 400m Freestyle,F,Women,400,193,Isabel Gose,GER,Germany,No,04:02.39,242.39,234.18,8.21,3.506,2024,21.8,Doha,QAT
F400,Women's 400m Freestyle,F,Women,400,194,Katie Ledecky,USA,United States of America,No,04:02.39,242.39,234.18,8.21,3.506,2024,26.9,Florida,USA
F400,Women's 400m Freestyle,F,Women,400,195,Katie Ledecky,USA,United States of America,No,04:02.40,242.4,234.18,8.22,3.51,2019,22.2,Bloomington,USA
F400,Women's 400m Freestyle,F,Women,400,196,Katie Ledecky,USA,United States of America,No,04:02.41,242.41,234.18,8.23,3.514,2017,20.1,Atlanta,USA
F400,Women's 400m Freestyle,F,Women,400,197,Laurien De Vriese,CLB,Club,No,04:02.42,242.42,234.18,8.24,3.519,2022,14.9,Antwerp,BEL
F400,Women's 400m Freestyle,F,Women,400,198,Summer Mcintosh,CAN,Canada,No,04:02.42,242.42,234.18,8.24,3.519,2021,14.9,Tokyo,JPN
F400,Women's 400m Freestyle,F,Women,400,199,Ariarne Titmus,AUS,Australia,Yes,04:02.42,242.42,234.18,8.24,3.519,2019,18.9,Gwangju,KOR
F400,Women's 400m Freestyle,F,Women,400,200,Lani Pallister,AUS,Australia,Yes,04:02.43,242.43,234.18,8.25,3.523,2023,21.0,Melbourne,AUS
F800,Women's 800m Freestyle,F,Women,800,1,Katie Ledecky,USA,United States of America,No,08:04.12,484.12,484.12,0.0,0.0,2025,28.1,Fort Lauderdale,USA
F800,Women's 800m Freestyle,F,Women,800,2,Katie Ledecky,USA,United States of America,No,08:04.79,484.79,484.12,0.67,0.138,2016,19.4,Rio de Janeiro,BRA
F800,Women's 800m Freestyle,F,Women,800,3,Summer Mcintosh,CAN,Canada,No,08:05.07,485.07,484.12,0.95,0.196,2025,18.8,Victoria,CAN
F800,Women's 800m Freestyle,F,Women,800,4,Katie Ledecky,USA,United States of America,No,08:05.62,485.62,484.12,1.5,0.31,2025,28.4,Singapore,SGP
F800,Women's 800m Freestyle,F,Women,800,5,Katie Ledecky,USA,United States of America,No,08:05.76,485.76,484.12,1.64,0.339,2025,28.2,Indianapolis,USA
F800,Women's 800m Freestyle,F,Women,800,6,Lani Pallister,AUS,Australia,Yes,08:05.98,485.98,484.12,1.86,0.384,2025,23.2,Singapore,SGP
F800,Women's 800m Freestyle,F,Women,800,7,Katie Ledecky,USA,United States of America,No,08:06.68,486.68,484.12,2.56,0.529,2016,18.8,Austin,USA
F800,Women's 800m Freestyle,F,Women,800,8,Katie Ledecky,USA,United States of America,No,08:07.07,487.07,484.12,2.95,0.609,2023,26.3,Indianapolis,USA
F800,Women's 800m Freestyle,F,Women,800,9,Katie Ledecky,USA,United States of America,No,08:07.27,487.27,484.12,3.15,0.651,2018,21.2,Indianapolis,USA
F800,Women's 800m Freestyle,F,Women,800,10,Summer Mcintosh,CAN,Canada,No,08:07.29,487.29,484.12,3.17,0.655,2025,19.0,Singapore,SGP
F800,Women's 800m Freestyle,F,Women,800,11,Katie Ledecky,USA,United States of America,No,08:07.39,487.39,484.12,3.27,0.675,2015,18.4,Kazan,RUS
F800,Women's 800m Freestyle,F,Women,800,12,Katie Ledecky,USA,United States of America,No,08:08.04,488.04,484.12,3.92,0.81,2022,25.3,Budapest,HUN
F800,Women's 800m Freestyle,F,Women,800,13,Katie Ledecky,USA,United States of America,No,08:08.57,488.57,484.12,4.45,0.919,2026,29.0,Westmont,USA
F800,Women's 800m Freestyle,F,Women,800,14,Katie Ledecky,USA,United States of America,No,08:08.87,488.87,484.12,4.75,0.981,2023,26.4,Fukuoka,JPN
F800,Women's 800m Freestyle,F,Women,800,15,Katie Ledecky,USA,United States of America,No,08:09.13,489.13,484.12,5.01,1.035,2018,21.4,Tokyo,JPN
F800,Women's 800m Freestyle,F,Women,800,16,Katie Ledecky,USA,United States of America,No,08:09.27,489.27,484.12,5.15,1.064,2022,25.1,Greensboro,USA
F800,Women's 800m Freestyle,F,Women,800,17,Katie Ledecky,USA,United States of America,No,08:09.85,489.85,484.12,5.73,1.184,2025,28.4,Singapore,SGP
F800,Women's 800m Freestyle,F,Women,800,18,Summer Mcintosh,CAN,Canada,No,08:09.86,489.86,484.12,5.74,1.186,2025,18.5,Plantation,USA
F800,Women's 800m Freestyle,F,Women,800,19,Katie Ledecky,USA,United States of America,No,08:10.16,490.16,484.12,6.04,1.248,2026,28.8,Austin,USA
F800,Women's 800m Freestyle,F,Women,800,20,Katie Ledecky,USA,United States of America,No,08:10.32,490.32,484.12,6.2,1.281,2016,19.3,Omaha,USA
F800,Women's 800m Freestyle,F,Women,800,21,Summer Mcintosh,CAN,Canada,No,08:10.45,490.45,484.12,6.33,1.308,2026,19.5,Westmont,USA
F800,Women's 800m Freestyle,F,Women,800,22,Katie Ledecky,USA,United States of America,No,08:10.70,490.7,484.12,6.58,1.359,2019,22.2,Bloomington,USA
F800,Women's 800m Freestyle,F,Women,800,23,Lani Pallister,AUS,Australia,Yes,08:10.84,490.84,484.12,6.72,1.388,2025,23.0,Adelaide,AUS
F800,Women's 800m Freestyle,F,Women,800,24,Katie Ledecky,USA,United States of America,No,08:10.91,490.91,484.12,6.79,1.403,2016,19.3,Omaha,USA
F800,Women's 800m Freestyle,F,Women,800,25,Katie Ledecky,USA,United States of America,No,08:11.00,491.0,484.12,6.88,1.421,2014,17.3,Shenandoah,USA
F800,Women's 800m Freestyle,F,Women,800,26,Katie Ledecky,USA,United States of America,No,08:11.04,491.04,484.12,6.92,1.429,2024,27.4,Paris,FRA
F800,Women's 800m Freestyle,F,Women,800,27,Katie Ledecky,USA,United States of America,No,08:11.08,491.08,484.12,6.96,1.438,2018,21.2,Santa Clara,USA
F800,Women's 800m Freestyle,F,Women,800,28,Katie Ledecky,USA,United States of America,No,08:11.21,491.21,484.12,7.09,1.465,2015,17.8,Austin,USA
F800,Women's 800m Freestyle,F,Women,800,29,Lani Pallister,AUS,Australia,Yes,08:11.28,491.28,484.12,7.16,1.479,2026,23.8,Gold Coast,AUS
F800,Women's 800m Freestyle,F,Women,800,30,Katie Ledecky,USA,United States of America,No,08:11.35,491.35,484.12,7.23,1.493,2014,17.4,Gold Coast,AUS
F800,Women's 800m Freestyle,F,Women,800,31,Summer Mcintosh,CAN,Canada,No,08:11.39,491.39,484.12,7.27,1.502,2024,17.5,Florida,USA
F800,Women's 800m Freestyle,F,Women,800,32,Katie Ledecky,USA,United States of America,No,08:11.50,491.5,484.12,7.38,1.524,2017,20.3,Indianapolis,USA
F800,Women's 800m Freestyle,F,Women,800,33,Katie Ledecky,USA,United States of America,No,08:11.70,491.7,484.12,7.58,1.566,2018,21.2,Indianapolis,USA
F800,Women's 800m Freestyle,F,Women,800,34,Katie Ledecky,USA,United States of America,No,08:11.98,491.98,484.12,7.86,1.624,2018,21.4,Irvine,USA
F800,Women's 800m Freestyle,F,Women,800,35,Katie Ledecky,USA,United States of America,No,08:12.03,492.03,484.12,7.91,1.634,2022,25.4,Irvine,USA
F800,Women's 800m Freestyle,F,Women,800,36,Ariarne Titmus,AUS,Australia,Yes,08:12.29,492.29,484.12,8.17,1.688,2024,23.9,Paris,FRA
F800,Women's 800m Freestyle,F,Women,800,37,Katie Ledecky,USA,United States of America,No,08:12.57,492.57,484.12,8.45,1.745,2021,24.4,Tokyo,JPN
F800,Women's 800m Freestyle,F,Women,800,38,Katie Ledecky,USA,United States of America,No,08:12.66,492.66,484.12,8.54,1.764,2026,29.1,Fort Lauderdale,USA
F800,Women's 800m Freestyle,F,Women,800,39,Katie Ledecky,USA,United States of America,No,08:12.68,492.68,484.12,8.56,1.768,2026,29.1,Fort Lauderdale,USA
F800,Women's 800m Freestyle,F,Women,800,40,Katie Ledecky,USA,United States of America,No,08:12.68,492.68,484.12,8.56,1.768,2017,20.4,Budapest,HUN
F800,Women's 800m Freestyle,F,Women,800,41,Katie Ledecky,USA,United States of America,No,08:12.76,492.76,484.12,8.64,1.785,2025,28.1,Fort Lauderdale,USA
F800,Women's 800m Freestyle,F,Women,800,42,Simona Quadarella,ITA,Italy,No,08:12.81,492.81,484.12,8.69,1.795,2025,26.6,Singapore,SGP
F800,Women's 800m Freestyle,F,Women,800,43,Katie Ledecky,USA,United States of America,No,08:12.81,492.81,484.12,8.69,1.795,2021,24.7,Greensboro,USA
F800,Women's 800m Freestyle,F,Women,800,44,Katie Ledecky,USA,United States of America,No,08:12.86,492.86,484.12,8.74,1.805,2016,19.4,Rio de Janeiro,BRA
F800,Women's 800m Freestyle,F,Women,800,45,Katie Ledecky,USA,United States of America,No,08:12.95,492.95,484.12,8.83,1.824,2024,27.1,San Antonio,USA
F800,Women's 800m Freestyle,F,Women,800,46,Paige Madden,USA,United States of America,No,08:13.00,493.0,484.12,8.88,1.834,2024,25.8,Paris,FRA
F800,Women's 800m Freestyle,F,Women,800,47,Katie Ledecky,USA,United States of America,No,08:13.02,493.02,484.12,8.9,1.838,2015,18.1,Mesa,USA
F800,Women's 800m Freestyle,F,Women,800,48,Katie Ledecky,USA,United States of America,No,08:13.06,493.06,484.12,8.94,1.847,2022,25.3,Budapest,HUN
F800,Women's 800m Freestyle,F,Women,800,49,Katie Ledecky,USA,United States of America,No,08:13.09,493.09,484.12,8.97,1.853,2026,28.8,Austin,USA
F800,Women's 800m Freestyle,F,Women,800,50,Katie Ledecky,USA,United States of America,No,08:13.20,493.2,484.12,9.08,1.876,2016,19.1,Mesa,USA
F800,Women's 800m Freestyle,F,Women,800,51,Katie Ledecky,USA,United States of America,No,08:13.25,493.25,484.12,9.13,1.886,2015,18.4,Kazan,RUS
F800,Women's 800m Freestyle,F,Women,800,52,Bingjie Li,CHN,People's Republic of China,No,08:13.31,493.31,484.12,9.19,1.898,2023,21.4,Fukuoka,JPN
F800,Women's 800m Freestyle,F,Women,800,53,Katie Ledecky,USA,United States of America,No,08:13.56,493.56,484.12,9.44,1.95,2023,26.2,Atlanta,USA
F800,Women's 800m Freestyle,F,Women,800,54,Katie Ledecky,USA,United States of America,No,08:13.58,493.58,484.12,9.46,1.954,2019,22.4,Gwangju,KOR
F800,Women's 800m Freestyle,F,Women,800,55,Ariarne Titmus,AUS,Australia,Yes,08:13.59,493.59,484.12,9.47,1.956,2023,22.9,Fukuoka,JPN
F800,Women's 800m Freestyle,F,Women,800,56,Ariarne Titmus,AUS,Australia,Yes,08:13.59,493.59,484.12,9.47,1.956,2022,21.9,Birmingham,GBR
F800,Women's 800m Freestyle,F,Women,800,57,Katie Ledecky,USA,United States of America,No,08:13.64,493.64,484.12,9.52,1.966,2021,24.0,San Antonio,USA
F800,Women's 800m Freestyle,F,Women,800,58,Ariarne Titmus,AUS,Australia,Yes,08:13.83,493.83,484.12,9.71,2.006,2021,20.9,Tokyo,JPN
F800,Women's 800m Freestyle,F,Women,800,59,Katie Ledecky,USA,United States of America,No,08:13.86,493.86,484.12,9.74,2.012,2013,16.4,Barcelona,ESP
F800,Women's 800m Freestyle,F,Women,800,60,Katie Ledecky,USA,United States of America,No,08:13.90,493.9,484.12,9.78,2.02,2022,25.7,Greensboro,USA
F800,Women's 800m Freestyle,F,Women,800,61,Ariarne Titmus,AUS,Australia,Yes,08:14.06,494.06,484.12,9.94,2.053,2024,23.8,Brisbane,AUS
F800,Women's 800m Freestyle,F,Women,800,62,Katie Ledecky,USA,United States of America,No,08:14.07,494.07,484.12,9.95,2.055,2023,26.4,Fukuoka,JPN
F800,Women's 800m Freestyle,F,Women,800,63,Rebecca Adlington,GBR,Great Britain,No,08:14.10,494.1,484.12,9.98,2.061,2008,19.5,Beijing,CHN
F800,Women's 800m Freestyle,F,Women,800,64,Katie Ledecky,USA,United States of America,No,08:14.12,494.12,484.12,10.0,2.066,2024,27.3,Indianapolis,USA
F800,Women's 800m Freestyle,F,Women,800,65,Katie Ledecky,USA,United States of America,No,08:14.24,494.24,484.12,10.12,2.09,2019,22.1,Richmond,USA
F800,Women's 800m Freestyle,F,Women,800,66,Katie Ledecky,USA,United States of America,No,08:14.40,494.4,484.12,10.28,2.123,2018,21.7,Greensboro,USA
F800,Women's 800m Freestyle,F,Women,800,67,Katie Ledecky,USA,United States of America,No,08:14.48,494.48,484.12,10.36,2.14,2021,24.2,Austin,USA
F800,Women's 800m Freestyle,F,Women,800,68,Katie Ledecky,USA,United States of America,No,08:14.52,494.52,484.12,10.4,2.148,2024,27.4,Paris,FRA
F800,Women's 800m Freestyle,F,Women,800,69,Simona Quadarella,ITA,Italy,No,08:14.55,494.55,484.12,10.43,2.154,2024,25.6,Paris,FRA
F800,Women's 800m Freestyle,F,Women,800,70,Katie Ledecky,USA,United States of America,No,08:14.59,494.59,484.12,10.47,2.163,2019,22.7,Atlanta,USA
F800,Women's 800m Freestyle,F,Women,800,71,Katie Ledecky,USA,United States of America,No,08:14.62,494.62,484.12,10.5,2.169,2025,28.4,Singapore,SGP
F800,Women's 800m Freestyle,F,Women,800,72,Katie Ledecky,USA,United States of America,No,08:14.62,494.62,484.12,10.5,2.169,2021,24.3,Omaha,USA
F800,Women's 800m Freestyle,F,Women,800,73,Katie Ledecky,USA,United States of America,No,08:14.63,494.63,484.12,10.51,2.171,2012,15.4,London,GBR
F800,Women's 800m Freestyle,F,Women,800,74,Lani Pallister,AUS,Australia,Yes,08:14.64,494.64,484.12,10.52,2.173,2025,23.1,Singapore,SGP
F800,Women's 800m Freestyle,F,Women,800,75,Jianjiahe Wang,CHN,People's Republic of China,No,08:14.64,494.64,484.12,10.52,2.173,2019,16.7,Qingdao,CHN
F800,Women's 800m Freestyle,F,Women,800,76,Katie Ledecky,USA,United States of America,No,08:14.70,494.7,484.12,10.58,2.185,2023,26.0,Fort Lauderdale,USA
F800,Women's 800m Freestyle,F,Women,800,77,Simona Quadarella,ITA,Italy,No,08:14.73,494.73,484.12,10.61,2.192,2025,26.6,Singapore,SGP
F800,Women's 800m Freestyle,F,Women,800,78,Katie Ledecky,USA,United States of America,No,08:14.95,494.95,484.12,10.83,2.237,2019,22.6,Greenboro,USA
F800,Women's 800m Freestyle,F,Women,800,79,Katie Ledecky,USA,United States of America,No,08:14.97,494.97,484.12,10.85,2.241,2024,26.8,Knoxville,USA
F800,Women's 800m Freestyle,F,Women,800,80,Simona Quadarella,ITA,Italy,No,08:14.99,494.99,484.12,10.87,2.245,2019,20.6,Gwangju,KOR
F800,Women's 800m Freestyle,F,Women,800,81,Katie Ledecky,USA,United States of America,No,08:15.10,495.1,484.12,10.98,2.268,2025,28.2,Indianapolis,USA
F800,Women's 800m Freestyle,F,Women,800,82,Lani Pallister,AUS,Australia,Yes,08:15.11,495.11,484.12,10.99,2.27,2023,21.4,Budapest,HUN
F800,Women's 800m Freestyle,F,Women,800,83,Katie Ledecky,USA,United States of America,No,08:15.29,495.29,484.12,11.17,2.307,2015,18.4,Kazan,RUS
F800,Women's 800m Freestyle,F,Women,800,84,Katie Ledecky,USA,United States of America,No,08:15.44,495.44,484.12,11.32,2.338,2017,20.1,Mesa,USA
F800,Women's 800m Freestyle,F,Women,800,85,Bingjie Li,CHN,People's Republic of China,No,08:15.46,495.46,484.12,11.34,2.342,2017,15.4,Budapest,HUN
F800,Women's 800m Freestyle,F,Women,800,86,Jaz Carlin,GBR,Great Britain,No,08:15.54,495.54,484.12,11.42,2.359,2014,23.9,Berlin,GER
F800,Women's 800m Freestyle,F,Women,800,87,Ariarne Titmus,AUS,Australia,Yes,08:15.57,495.57,484.12,11.45,2.365,2021,20.8,Adelaide,AUS
F800,Women's 800m Freestyle,F,Women,800,88,Bingjie Li,CHN,People's Republic of China,No,08:15.59,495.59,484.12,11.47,2.369,2025,23.4,Singapore,SGP
F800,Women's 800m Freestyle,F,Women,800,89,Katie Ledecky,USA,United States of America,No,08:15.60,495.6,484.12,11.48,2.371,2023,26.4,Fukuoka,JPN
F800,Women's 800m Freestyle,F,Women,800,90,Katie Ledecky,USA,United States of America,No,08:15.64,495.64,484.12,11.52,2.38,2023,26.3,Indianapolis,USA
F800,Women's 800m Freestyle,F,Women,800,91,Katie Ledecky,USA,United States of America,No,08:15.67,495.67,484.12,11.55,2.386,2021,24.4,Tokyo,JPN
F800,Women's 800m Freestyle,F,Women,800,92,Ariarne Titmus,AUS,Australia,Yes,08:15.70,495.7,484.12,11.58,2.392,2019,18.9,Gwangju,KOR
F800,Women's 800m Freestyle,F,Women,800,93,Katie Ledecky,USA,United States of America,No,08:15.71,495.71,484.12,11.59,2.394,2017,20.1,Atlanta,USA
F800,Women's 800m Freestyle,F,Women,800,94,Ariarne Titmus,AUS,Australia,Yes,08:15.88,495.88,484.12,11.76,2.429,2023,22.8,Melbourne,AUS
F800,Women's 800m Freestyle,F,Women,800,95,Katie Ledecky,USA,United States of America,No,08:15.91,495.91,484.12,11.79,2.435,2023,26.7,Greensboro,USA
F800,Women's 800m Freestyle,F,Women,800,96,Lotte Friis,DEN,Denmark,No,08:15.92,495.92,484.12,11.8,2.437,2009,21.5,Rome,ITA
F800,Women's 800m Freestyle,F,Women,800,97,Katie Ledecky,USA,United States of America,No,08:15.97,495.97,484.12,11.85,2.448,2017,20.4,Budapest,HUN
F800,Women's 800m Freestyle,F,Women,800,98,Jaz Carlin,GBR,Great Britain,No,08:16.17,496.17,484.12,12.05,2.489,2016,25.9,Rio de Janeiro,BRA
F800,Women's 800m Freestyle,F,Women,800,99,Katie Ledecky,USA,United States of America,No,08:16.18,496.18,484.12,12.06,2.491,2014,17.3,Shenandoah,USA
F800,Women's 800m Freestyle,F,Women,800,100,Janet Evans,USA,United States of America,No,08:16.22,496.22,484.12,12.1,2.499,1989,18.0,Tokyo,JPN
F800,Women's 800m Freestyle,F,Women,800,101,Katie Ledecky,USA,United States of America,No,08:16.23,496.23,484.12,12.11,2.501,2026,28.8,Austin,USA
F800,Women's 800m Freestyle,F,Women,800,102,Katie Ledecky,USA,United States of America,No,08:16.23,496.23,484.12,12.11,2.501,2020,23.0,Des Moines,USA
F800,Women's 800m Freestyle,F,Women,800,103,Bingjie Li,CHN,People's Republic of China,No,08:16.27,496.27,484.12,12.15,2.51,2026,24.0,Shenzhen,CHN
F800,Women's 800m Freestyle,F,Women,800,104,Lotte Friis,DEN,Denmark,No,08:16.32,496.32,484.12,12.2,2.52,2013,25.5,Barcelona,ESP
F800,Women's 800m Freestyle,F,Women,800,105,Leah Smith,USA,United States of America,No,08:16.33,496.33,484.12,12.21,2.522,2019,24.0,Richmond,USA
F800,Women's 800m Freestyle,F,Women,800,106,Boglarka Kapas,HUN,Hungary,No,08:16.37,496.37,484.12,12.25,2.53,2016,23.3,Rio de Janeiro,BRA
F800,Women's 800m Freestyle,F,Women,800,107,Katie Ledecky,USA,United States of America,No,08:16.39,496.39,484.12,12.27,2.534,2021,24.4,Tokyo,JPN
F800,Women's 800m Freestyle,F,Women,800,108,Katie Ledecky,USA,United States of America,No,08:16.40,496.4,484.12,12.28,2.537,2015,18.3,Bloomington,USA
F800,Women's 800m Freestyle,F,Women,800,109,Sarah Wellbrock,GER,Germany,No,08:16.43,496.43,484.12,12.31,2.543,2019,25.1,Gwangju,KOR
F800,Women's 800m Freestyle,F,Women,800,110,Simona Quadarella,ITA,Italy,No,08:16.45,496.45,484.12,12.33,2.547,2018,19.6,Glasgow,GBR
F800,Women's 800m Freestyle,F,Women,800,111,Simona Quadarella,ITA,Italy,No,08:16.46,496.46,484.12,12.34,2.549,2023,24.6,Fukuoka,JPN
F800,Women's 800m Freestyle,F,Women,800,112,Katie Ledecky,USA,United States of America,No,08:16.61,496.61,484.12,12.49,2.58,2021,24.3,Omaha,USA
F800,Women's 800m Freestyle,F,Women,800,113,Katie Ledecky,USA,United States of America,No,08:16.62,496.62,484.12,12.5,2.582,2024,27.4,Paris,FRA
F800,Women's 800m Freestyle,F,Women,800,114,Joanne Jackson,GBR,Great Britain,No,08:16.66,496.66,484.12,12.54,2.59,2009,22.9,Rome,ITA
F800,Women's 800m Freestyle,F,Women,800,115,Camelia Potec,ROU,Romania,No,08:16.70,496.7,484.12,12.58,2.599,2009,27.2,Montpellier,FRA
F800,Women's 800m Freestyle,F,Women,800,116,Kiah Melverton,AUS,Australia,Yes,08:16.79,496.79,484.12,12.67,2.617,2022,25.7,Birmingham,GBR
F800,Women's 800m Freestyle,F,Women,800,117,Lani Pallister,AUS,Australia,Yes,08:16.82,496.82,484.12,12.7,2.623,2023,21.3,Berlin,GER
F800,Women's 800m Freestyle,F,Women,800,118,Katie Ledecky,USA,United States of America,No,08:16.90,496.9,484.12,12.78,2.64,2014,17.4,Gold Coast,AUS
F800,Women's 800m Freestyle,F,Women,800,119,Katie Grimes,USA,United States of America,No,08:17.05,497.05,484.12,12.93,2.671,2021,15.6,Tokyo,JPN
F800,Women's 800m Freestyle,F,Women,800,120,Lani Pallister,AUS,Australia,Yes,08:17.06,497.06,484.12,12.94,2.673,2025,23.2,Singapore,SGP
F800,Women's 800m Freestyle,F,Women,800,121,Ariarne Titmus,AUS,Australia,Yes,08:17.07,497.07,484.12,12.95,2.675,2018,17.9,Tokyo,JPN
F800,Women's 800m Freestyle,F,Women,800,122,Leah Smith,USA,United States of America,No,08:17.10,497.1,484.12,12.98,2.681,2019,24.3,Gwangju,KOR
F800,Women's 800m Freestyle,F,Women,800,123,Katie Ledecky,USA,United States of America,No,08:17.12,497.12,484.12,13.0,2.685,2024,26.9,Florida,USA
F800,Women's 800m Freestyle,F,Women,800,124,Janet Evans,USA,United States of America,No,08:17.12,497.12,484.12,13.0,2.685,1988,16.6,Orlando,USA
F800,Women's 800m Freestyle,F,Women,800,125,Katie Ledecky,USA,United States of America,No,08:17.13,497.13,484.12,13.01,2.687,2024,27.3,Indianapolis,USA
F800,Women's 800m Freestyle,F,Women,800,126,Lotte Friis,DEN,Denmark,No,08:17.16,497.16,484.12,13.04,2.694,2013,25.5,Barcelona,ESP
F800,Women's 800m Freestyle,F,Women,800,127,Katie Ledecky,USA,United States of America,No,08:17.20,497.2,484.12,13.08,2.702,2021,24.0,San Antonio,USA
F800,Women's 800m Freestyle,F,Women,800,128,Leah Smith,USA,United States of America,No,08:17.21,497.21,484.12,13.09,2.704,2018,23.3,Tokyo,JPN
F800,Women's 800m Freestyle,F,Women,800,129,Alessia Filippi,ITA,Italy,No,08:17.21,497.21,484.12,13.09,2.704,2009,22.1,Rome,ITA
F800,Women's 800m Freestyle,F,Women,800,130,Leah Smith,USA,United States of America,No,08:17.22,497.22,484.12,13.1,2.706,2017,22.3,Budapest,HUN
F800,Women's 800m Freestyle,F,Women,800,131,Leah Smith,USA,United States of America,No,08:17.23,497.23,484.12,13.11,2.708,2019,24.3,Gwangju,KOR
F800,Women's 800m Freestyle,F,Women,800,132,Katie Ledecky,USA,United States of America,No,08:17.29,497.29,484.12,13.17,2.72,2023,25.8,Knoxville,USA
F800,Women's 800m Freestyle,F,Women,800,133,Simona Quadarella,ITA,Italy,No,08:17.32,497.32,484.12,13.2,2.727,2021,22.6,Tokyo,JPN
F800,Women's 800m Freestyle,F,Women,800,134,Sarah Wellbrock,GER,Germany,No,08:17.33,497.33,484.12,13.21,2.729,2021,27.1,Tokyo,JPN
F800,Women's 800m Freestyle,F,Women,800,135,Katie Ledecky,USA,United States of America,No,08:17.33,497.33,484.12,13.21,2.729,2013,16.4,Barcelona,ESP
F800,Women's 800m Freestyle,F,Women,800,136,Bingjie Li,CHN,People's Republic of China,No,08:17.39,497.39,484.12,13.27,2.741,2021,19.6,Xi'an,CHN
F800,Women's 800m Freestyle,F,Women,800,137,Katie Ledecky,USA,United States of America,No,08:17.42,497.42,484.12,13.3,2.747,2019,22.4,Gwangju,KOR
F800,Women's 800m Freestyle,F,Women,800,138,Simona Quadarella,ITA,Italy,No,08:17.44,497.44,484.12,13.32,2.751,2024,25.2,Doha,QAT
F800,Women's 800m Freestyle,F,Women,800,139,Katie Ledecky,USA,United States of America,No,08:17.51,497.51,484.12,13.39,2.766,2022,25.3,Budapest,HUN
F800,Women's 800m Freestyle,F,Women,800,140,Rebecca Adlington,GBR,Great Britain,No,08:17.51,497.51,484.12,13.39,2.766,2011,22.4,Shanghai,CHN
F800,Women's 800m Freestyle,F,Women,800,141,Leah Smith,USA,United States of America,No,08:17.52,497.52,484.12,13.4,2.768,2022,27.0,Greensboro,USA
F800,Women's 800m Freestyle,F,Women,800,142,Isabel Gose,GER,Germany,No,08:17.53,497.53,484.12,13.41,2.77,2024,21.8,Doha,QAT
F800,Women's 800m Freestyle,F,Women,800,143,Lauren Boyle,NZL,New Zealand,No,08:17.65,497.65,484.12,13.53,2.795,2015,27.7,Kazan,RUS
F800,Women's 800m Freestyle,F,Women,800,144,Katie Ledecky,USA,United States of America,No,08:17.70,497.7,484.12,13.58,2.805,2024,27.3,Indianapolis,USA
F800,Women's 800m Freestyle,F,Women,800,145,Katie Ledecky,USA,United States of America,No,08:17.73,497.73,484.12,13.61,2.811,2025,27.9,Plantation,USA
F800,Women's 800m Freestyle,F,Women,800,146,Lani Pallister,AUS,Australia,Yes,08:17.77,497.77,484.12,13.65,2.82,2022,19.9,Adelaide,AUS
F800,Women's 800m Freestyle,F,Women,800,147,Ariarne Titmus,AUS,Australia,Yes,08:17.80,497.8,484.12,13.68,2.826,2024,23.6,Gold Coast,AUS
F800,Women's 800m Freestyle,F,Women,800,148,Isabel Gose,GER,Germany,No,08:17.82,497.82,484.12,13.7,2.83,2024,22.2,Paris,FRA
F800,Women's 800m Freestyle,F,Women,800,149,Ariarne Titmus,AUS,Australia,Yes,08:17.87,497.87,484.12,13.75,2.84,2024,23.5,Sydney,AUS
F800,Women's 800m Freestyle,F,Women,800,150,Rebecca Adlington,GBR,Great Britain,No,08:17.90,497.9,484.12,13.78,2.846,2009,20.5,Rome,ITA
F800,Women's 800m Freestyle,F,Women,800,151,Katie Ledecky,USA,United States of America,No,08:17.92,497.92,484.12,13.8,2.851,2021,24.4,Tokyo,JPN
F800,Women's 800m Freestyle,F,Women,800,152,Isabel Gose,GER,Germany,No,08:17.95,497.95,484.12,13.83,2.857,2023,21.2,Fukuoka,JPN
F800,Women's 800m Freestyle,F,Women,800,153,Simona Quadarella,ITA,Italy,No,08:17.95,497.95,484.12,13.83,2.857,2019,20.6,Gwangju,KOR
F800,Women's 800m Freestyle,F,Women,800,154,Erika Fairweather,NZL,New Zealand,No,08:18.00,498.0,484.12,13.88,2.867,2023,19.3,Auckland,NZL
F800,Women's 800m Freestyle,F,Women,800,155,Rebecca Adlington,GBR,Great Britain,No,08:18.06,498.06,484.12,13.94,2.879,2008,19.5,Beijing,CHN
F800,Women's 800m Freestyle,F,Women,800,156,Jianjiahe Wang,CHN,People's Republic of China,No,08:18.09,498.09,484.12,13.97,2.886,2018,15.6,Atlanta,USA
F800,Women's 800m Freestyle,F,Women,800,157,Jaz Carlin,GBR,Great Britain,No,08:18.11,498.11,484.12,13.99,2.89,2014,23.9,Glasgow,GBR
F800,Women's 800m Freestyle,F,Women,800,158,Jessica Ashwood,AUS,Australia,Yes,08:18.14,498.14,484.12,14.02,2.896,2016,23.1,Santa Clara,USA
F800,Women's 800m Freestyle,F,Women,800,159,Jaz Carlin,GBR,Great Britain,No,08:18.15,498.15,484.12,14.03,2.898,2015,24.9,Kazan,RUS
F800,Women's 800m Freestyle,F,Women,800,160,Lotte Friis,DEN,Denmark,No,08:18.20,498.2,484.12,14.08,2.908,2011,23.5,Shanghai,CHN
F800,Women's 800m Freestyle,F,Women,800,161,Isabel Gose,GER,Germany,No,08:18.23,498.23,484.12,14.11,2.915,2025,23.2,Singapore,SGP
F800,Women's 800m Freestyle,F,Women,800,162,Ariarne Titmus,AUS,Australia,Yes,08:18.23,498.23,484.12,14.11,2.915,2019,18.8,Brisbane,AUS
F800,Women's 800m Freestyle,F,Women,800,163,Simona Quadarella,ITA,Italy,No,08:18.35,498.35,484.12,14.23,2.939,2021,22.6,Tokyo,JPN
F800,Women's 800m Freestyle,F,Women,800,164,Jaz Carlin,GBR,Great Britain,No,08:18.36,498.36,484.12,14.24,2.941,2014,23.6,Glasgow,GBR
F800,Women's 800m Freestyle,F,Women,800,165,Jessica Ashwood,AUS,Australia,Yes,08:18.41,498.41,484.12,14.29,2.952,2015,22.3,Kazan,RUS
F800,Women's 800m Freestyle,F,Women,800,166,Jessica Ashwood,AUS,Australia,Yes,08:18.42,498.42,484.12,14.3,2.954,2016,23.0,Adelaide,AUS
F800,Women's 800m Freestyle,F,Women,800,167,Lani Pallister,AUS,Australia,Yes,08:18.46,498.46,484.12,14.34,2.962,2024,22.0,Brisbane,AUS
F800,Women's 800m Freestyle,F,Women,800,168,Katie Ledecky,USA,United States of America,No,08:18.47,498.47,484.12,14.35,2.964,2014,17.4,Irvine,USA
F800,Women's 800m Freestyle,F,Women,800,169,Paige Madden,USA,United States of America,No,08:18.48,498.48,484.12,14.36,2.966,2024,25.8,Paris,FRA
F800,Women's 800m Freestyle,F,Women,800,170,Kate Ziegler,USA,United States of America,No,08:18.52,498.52,484.12,14.4,2.974,2007,18.8,Melbourne,AUS
F800,Women's 800m Freestyle,F,Women,800,171,Rebecca Adlington,GBR,Great Britain,No,08:18.54,498.54,484.12,14.42,2.979,2012,23.0,London,GBR
F800,Women's 800m Freestyle,F,Women,800,172,Jianjiahe Wang,CHN,People's Republic of China,No,08:18.55,498.55,484.12,14.43,2.981,2018,16.1,Jakarta,INA
F800,Women's 800m Freestyle,F,Women,800,173,Mireia Belmonte Garcia,ESP,Spain,No,08:18.55,498.55,484.12,14.43,2.981,2016,25.8,Rio de Janeiro,BRA
F800,Women's 800m Freestyle,F,Women,800,174,Jianjiahe Wang,CHN,People's Republic of China,No,08:18.57,498.57,484.12,14.45,2.985,2019,17.0,Gwangju,KOR
F800,Women's 800m Freestyle,F,Women,800,175,Lauren Boyle,NZL,New Zealand,No,08:18.58,498.58,484.12,14.46,2.987,2013,25.6,Barcelona,ESP
F800,Women's 800m Freestyle,F,Women,800,176,Jaz Carlin,GBR,Great Britain,No,08:18.58,498.58,484.12,14.46,2.987,2013,22.8,Sheffield,GBR
F800,Women's 800m Freestyle,F,Women,800,177,Jaz Carlin,GBR,Great Britain,No,08:18.58,498.58,484.12,14.46,2.987,2013,22.8,Sheffield,GBR
F800,Women's 800m Freestyle,F,Women,800,178,Ariarne Titmus,AUS,Australia,Yes,08:18.59,498.59,484.12,14.47,2.989,2022,21.5,Sydney,AUS
F800,Women's 800m Freestyle,F,Women,800,179,Ariarne Titmus,AUS,Australia,Yes,08:18.61,498.61,484.12,14.49,2.993,2019,18.6,Adelaide,AUS
F800,Women's 800m Freestyle,F,Women,800,180,Lani Pallister,AUS,Australia,Yes,08:18.71,498.71,484.12,14.59,3.014,2025,22.9,Brisbane,AUS
F800,Women's 800m Freestyle,F,Women,800,181,Mireia Belmonte Garcia,ESP,Spain,No,08:18.76,498.76,484.12,14.64,3.024,2012,21.7,London,GBR
F800,Women's 800m Freestyle,F,Women,800,182,Kiah Melverton,AUS,Australia,Yes,08:18.77,498.77,484.12,14.65,3.026,2022,25.6,Budapest,HUN
F800,Women's 800m Freestyle,F,Women,800,183,Anastasiia Kirpichnikova,ROC,ROC,No,08:18.77,498.77,484.12,14.65,3.026,2021,21.1,Tokyo,JPN
F800,Women's 800m Freestyle,F,Women,800,184,Laure Manaudou,FRA,France,No,08:18.80,498.8,484.12,14.68,3.032,2007,20.5,Melbourne,AUS
F800,Women's 800m Freestyle,F,Women,800,185,Katie Ledecky,USA,United States of America,No,08:18.85,498.85,484.12,14.73,3.043,2023,26.4,Fukuoka,JPN
F800,Women's 800m Freestyle,F,Women,800,186,Lauren Boyle,NZL,New Zealand,No,08:18.87,498.87,484.12,14.75,3.047,2014,26.7,Gold Coast,AUS
F800,Women's 800m Freestyle,F,Women,800,187,Lani Pallister,AUS,Australia,Yes,08:18.92,498.92,484.12,14.8,3.057,2025,23.0,Adelaide,AUS
F800,Women's 800m Freestyle,F,Women,800,188,Katie Ledecky,USA,United States of America,No,08:18.93,498.93,484.12,14.81,3.059,2024,27.3,Indianapolis,USA
F800,Women's 800m Freestyle,F,Women,800,189,Simona Quadarella,ITA,Italy,No,08:18.95,498.95,484.12,14.83,3.063,2024,25.5,Rome,ITA
F800,Women's 800m Freestyle,F,Women,800,190,Ariarne Titmus,AUS,Australia,Yes,08:18.99,498.99,484.12,14.87,3.072,2021,20.9,Tokyo,JPN
F800,Women's 800m Freestyle,F,Women,800,191,Bingjie Li,CHN,People's Republic of China,No,08:19.00,499.0,484.12,14.88,3.074,2025,23.7,Shenzhen,CHN
F800,Women's 800m Freestyle,F,Women,800,192,Simona Quadarella,ITA,Italy,No,08:19.00,499.0,484.12,14.88,3.074,2022,23.5,Budapest,HUN
F800,Women's 800m Freestyle,F,Women,800,193,Rebecca Adlington,GBR,Great Britain,No,08:19.03,499.03,484.12,14.91,3.08,2012,23.3,Sheffield,GBR
F800,Women's 800m Freestyle,F,Women,800,194,Kiah Melverton,AUS,Australia,Yes,08:19.05,499.05,484.12,14.93,3.084,2021,24.6,Adelaide,AUS
F800,Women's 800m Freestyle,F,Women,800,195,Lani Pallister,AUS,Australia,Yes,08:19.09,499.09,484.12,14.97,3.092,2026,23.8,Shenzhen,CHN
F800,Women's 800m Freestyle,F,Women,800,196,Jianjiahe Wang,CHN,People's Republic of China,No,08:19.10,499.1,484.12,14.98,3.094,2021,19.0,Tokyo,JPN
F800,Women's 800m Freestyle,F,Women,800,197,Lani Pallister,AUS,Australia,Yes,08:19.16,499.16,484.12,15.04,3.107,2022,20.2,Birmingham,GBR
F800,Women's 800m Freestyle,F,Women,800,198,Katie Ledecky,USA,United States of America,No,08:19.16,499.16,484.12,15.04,3.107,2015,18.7,Minneapolis,USA
F800,Women's 800m Freestyle,F,Women,800,199,Isabel Gose,GER,Germany,No,08:19.17,499.17,484.12,15.05,3.109,2024,22.0,Magdeburg,GER
F800,Women's 800m Freestyle,F,Women,800,200,Katie Ledecky,USA,United States of America,No,08:19.18,499.18,484.12,15.06,3.111,2019,22.3,Gwangju,KOR
M50,Men's 50m Freestyle,M,Men,50,1,Cameron Mcevoy,AUS,Australia,Yes,20.88,20.88,20.88,0.0,0.0,2026,31.9,Shenzhen,CHN
M50,Men's 50m Freestyle,M,Men,50,2,Cesar Cielo Filho,BRA,Brazil,No,20.91,20.91,20.88,0.03,0.144,2009,22.9,Sao Paulo,BRA
M50,Men's 50m Freestyle,M,Men,50,3,Frederick Bousquet,FRA,France,No,20.94,20.94,20.88,0.06,0.287,2009,28.0,Montpellier,FRA
M50,Men's 50m Freestyle,M,Men,50,4,Caeleb Dressel,USA,United States of America,No,21.04,21.04,20.88,0.16,0.766,2021,24.8,Omaha,USA
M50,Men's 50m Freestyle,M,Men,50,5,Caeleb Dressel,USA,United States of America,No,21.04,21.04,20.88,0.16,0.766,2019,22.9,Gwangju,KOR
M50,Men's 50m Freestyle,M,Men,50,6,Cameron Mcevoy,AUS,Australia,Yes,21.06,21.06,20.88,0.18,0.862,2023,29.2,Fukuoka,JPN
M50,Men's 50m Freestyle,M,Men,50,7,Caeleb Dressel,USA,United States of America,No,21.07,21.07,20.88,0.19,0.91,2021,25.0,Tokyo,JPN
M50,Men's 50m Freestyle,M,Men,50,8,Cesar Cielo Filho,BRA,Brazil,No,21.08,21.08,20.88,0.2,0.958,2009,22.6,Rome,ITA
M50,Men's 50m Freestyle,M,Men,50,9,Benjamin Proud,GBR,Great Britain,No,21.11,21.11,20.88,0.23,1.102,2018,23.9,Glasgow,GBR
M50,Men's 50m Freestyle,M,Men,50,10,Cameron Mcevoy,AUS,Australia,Yes,21.13,21.13,20.88,0.25,1.197,2024,29.8,Doha,QAT
M50,Men's 50m Freestyle,M,Men,50,11,Cameron Mcevoy,AUS,Australia,Yes,21.14,21.14,20.88,0.26,1.245,2025,31.2,Singapore,SGP
M50,Men's 50m Freestyle,M,Men,50,12,Caeleb Dressel,USA,United States of America,No,21.15,21.15,20.88,0.27,1.293,2017,21.0,Budapest,HUN
M50,Men's 50m Freestyle,M,Men,50,13,Benjamin Proud,GBR,Great Britain,No,21.16,21.16,20.88,0.28,1.341,2018,23.8,Rome,ITA
M50,Men's 50m Freestyle,M,Men,50,14,Caeleb Dressel,USA,United States of America,No,21.18,21.18,20.88,0.3,1.437,2019,22.9,Gwangju,KOR
M50,Men's 50m Freestyle,M,Men,50,15,Florent Manaudou,FRA,France,No,21.19,21.19,20.88,0.31,1.485,2015,24.7,Kazan,RUS
M50,Men's 50m Freestyle,M,Men,50,16,Ashley Callus,AUS,Australia,Yes,21.19,21.19,20.88,0.31,1.485,2009,30.7,Canberra,AUS
M50,Men's 50m Freestyle,M,Men,50,17,George Bovell,TTO,Trinidad and Tobago,No,21.20,21.2,20.88,0.32,1.533,2009,26.0,Rome,ITA
M50,Men's 50m Freestyle,M,Men,50,18,Frederick Bousquet,FRA,France,No,21.21,21.21,20.88,0.33,1.58,2009,28.3,Rome,ITA
M50,Men's 50m Freestyle,M,Men,50,19,Frederick Bousquet,FRA,France,No,21.21,21.21,20.88,0.33,1.58,2009,28.3,Rome,ITA
M50,Men's 50m Freestyle,M,Men,50,20,Cameron Mcevoy,AUS,Australia,Yes,21.23,21.23,20.88,0.35,1.676,2024,29.8,Doha,QAT
M50,Men's 50m Freestyle,M,Men,50,21,Cameron Mcevoy,AUS,Australia,Yes,21.25,21.25,20.88,0.37,1.772,2024,30.2,Paris,FRA
M50,Men's 50m Freestyle,M,Men,50,22,Benjamin Proud,GBR,Great Britain,No,21.25,21.25,20.88,0.37,1.772,2024,29.5,London,GBR
M50,Men's 50m Freestyle,M,Men,50,23,Cameron Mcevoy,AUS,Australia,Yes,21.25,21.25,20.88,0.37,1.772,2023,29.2,Fukuoka,JPN
M50,Men's 50m Freestyle,M,Men,50,24,Amaury Leveaux,FRA,France,No,21.25,21.25,20.88,0.37,1.772,2009,23.7,Rome,ITA
M50,Men's 50m Freestyle,M,Men,50,25,Benjamin Proud,GBR,Great Britain,No,21.26,21.26,20.88,0.38,1.82,2025,30.9,Singapore,SGP
M50,Men's 50m Freestyle,M,Men,50,26,Cameron Mcevoy,AUS,Australia,Yes,21.27,21.27,20.88,0.39,1.868,2023,29.1,Melbourne,AUS
M50,Men's 50m Freestyle,M,Men,50,27,Vladimir Morozov,RUS,Russian Federation,No,21.27,21.27,20.88,0.39,1.868,2019,27.2,Singapore,SGP
M50,Men's 50m Freestyle,M,Men,50,28,Bruno Fratus,BRA,Brazil,No,21.27,21.27,20.88,0.39,1.868,2017,28.1,Budapest,HUN
M50,Men's 50m Freestyle,M,Men,50,29,Eamon Sullivan,AUS,Australia,Yes,21.28,21.28,20.88,0.4,1.916,2008,22.6,Sydney,AUS
M50,Men's 50m Freestyle,M,Men,50,30,Caeleb Dressel,USA,United States of America,No,21.29,21.29,20.88,0.41,1.964,2022,25.7,Greensboro,USA
M50,Men's 50m Freestyle,M,Men,50,31,Caeleb Dressel,USA,United States of America,No,21.29,21.29,20.88,0.41,1.964,2021,24.8,Omaha,USA
M50,Men's 50m Freestyle,M,Men,50,32,Caeleb Dressel,USA,United States of America,No,21.29,21.29,20.88,0.41,1.964,2017,20.9,Budapest,HUN
M50,Men's 50m Freestyle,M,Men,50,33,Duje Draganja,CRO,Croatia,No,21.29,21.29,20.88,0.41,1.964,2009,26.4,Rome,ITA
M50,Men's 50m Freestyle,M,Men,50,34,Cameron Mcevoy,AUS,Australia,Yes,21.30,21.3,20.88,0.42,2.011,2025,31.2,Singapore,SGP
M50,Men's 50m Freestyle,M,Men,50,35,Cameron Mcevoy,AUS,Australia,Yes,21.30,21.3,20.88,0.42,2.011,2025,31.1,Adelaide,AUS
M50,Men's 50m Freestyle,M,Men,50,36,Benjamin Proud,GBR,Great Britain,No,21.30,21.3,20.88,0.42,2.011,2024,29.9,Paris,FRA
M50,Men's 50m Freestyle,M,Men,50,37,Benjamin Proud,GBR,Great Britain,No,21.30,21.3,20.88,0.42,2.011,2018,23.5,Gold Coast,AUS
M50,Men's 50m Freestyle,M,Men,50,38,Cesar Cielo Filho,BRA,Brazil,No,21.30,21.3,20.88,0.42,2.011,2008,21.6,Beijing,CHN
M50,Men's 50m Freestyle,M,Men,50,39,Bruno Fratus,BRA,Brazil,No,21.31,21.31,20.88,0.43,2.059,2019,29.9,Monaco,MON
M50,Men's 50m Freestyle,M,Men,50,40,Jack Alexy,USA,United States of America,No,21.32,21.32,20.88,0.44,2.107,2025,22.5,Singapore,SGP
M50,Men's 50m Freestyle,M,Men,50,41,Cameron Mcevoy,AUS,Australia,Yes,21.32,21.32,20.88,0.44,2.107,2024,30.2,Paris,FRA
M50,Men's 50m Freestyle,M,Men,50,42,Benjamin Proud,GBR,Great Britain,No,21.32,21.32,20.88,0.44,2.107,2022,27.8,Budapest,HUN
M50,Men's 50m Freestyle,M,Men,50,43,Caeleb Dressel,USA,United States of America,No,21.32,21.32,20.88,0.44,2.107,2021,25.0,Tokyo,JPN
M50,Men's 50m Freestyle,M,Men,50,44,Benjamin Proud,GBR,Great Britain,No,21.32,21.32,20.88,0.44,2.107,2017,22.6,Sheffield,GBR
M50,Men's 50m Freestyle,M,Men,50,45,Florent Manaudou,FRA,France,No,21.32,21.32,20.88,0.44,2.107,2016,25.7,Rio de Janeiro,BRA
M50,Men's 50m Freestyle,M,Men,50,46,Florent Manaudou,FRA,France,No,21.32,21.32,20.88,0.44,2.107,2014,23.8,Berlin,GER
M50,Men's 50m Freestyle,M,Men,50,47,Cesar Cielo Filho,BRA,Brazil,No,21.32,21.32,20.88,0.44,2.107,2013,26.6,Barcelona,ESP
M50,Men's 50m Freestyle,M,Men,50,48,Amaury Leveaux,FRA,France,No,21.32,21.32,20.88,0.44,2.107,2009,23.7,Rome,ITA
M50,Men's 50m Freestyle,M,Men,50,49,Cesar Cielo Filho,BRA,Brazil,No,21.33,21.33,20.88,0.45,2.155,2009,22.3,Rio de Janeiro,BRA
M50,Men's 50m Freestyle,M,Men,50,50,Benjamin Proud,GBR,Great Britain,No,21.34,21.34,20.88,0.46,2.203,2018,23.9,Glasgow,GBR
M50,Men's 50m Freestyle,M,Men,50,51,Florent Manaudou,FRA,France,No,21.34,21.34,20.88,0.46,2.203,2012,21.7,London,GBR
M50,Men's 50m Freestyle,M,Men,50,52,Cesar Cielo Filho,BRA,Brazil,No,21.34,21.34,20.88,0.46,2.203,2008,21.6,Beijing,CHN
M50,Men's 50m Freestyle,M,Men,50,53,Cameron Mcevoy,AUS,Australia,Yes,21.35,21.35,20.88,0.47,2.251,2024,30.1,Brisbane,AUS
M50,Men's 50m Freestyle,M,Men,50,54,Cameron Mcevoy,AUS,Australia,Yes,21.35,21.35,20.88,0.47,2.251,2023,29.2,Fukuoka,JPN
M50,Men's 50m Freestyle,M,Men,50,55,Bruno Fratus,BRA,Brazil,No,21.35,21.35,20.88,0.47,2.251,2018,28.8,Rio de Janeiro,BRA
M50,Men's 50m Freestyle,M,Men,50,56,Bruno Fratus,BRA,Brazil,No,21.35,21.35,20.88,0.47,2.251,2018,28.8,Rio de Janeiro,BRA
M50,Men's 50m Freestyle,M,Men,50,57,Benjamin Proud,GBR,Great Britain,No,21.35,21.35,20.88,0.47,2.251,2018,23.6,Gold Coast,AUS
M50,Men's 50m Freestyle,M,Men,50,58,Cesar Cielo Filho,BRA,Brazil,No,21.35,21.35,20.88,0.47,2.251,2009,22.6,Rome,ITA
M50,Men's 50m Freestyle,M,Men,50,59,Jack Alexy,USA,United States of America,No,21.36,21.36,20.88,0.48,2.299,2025,22.4,Indianapolis,USA
M50,Men's 50m Freestyle,M,Men,50,60,Benjamin Proud,GBR,Great Britain,No,21.36,21.36,20.88,0.48,2.299,2022,27.9,Birmingham,GBR
M50,Men's 50m Freestyle,M,Men,50,61,Frederick Bousquet,FRA,France,No,21.36,21.36,20.88,0.48,2.299,2010,29.4,Budapest,HUN
M50,Men's 50m Freestyle,M,Men,50,62,Andrea Vergani,ITA,Italy,No,21.37,21.37,20.88,0.49,2.347,2018,21.1,Glasgow,GBR
M50,Men's 50m Freestyle,M,Men,50,63,Bruno Fratus,BRA,Brazil,No,21.37,21.37,20.88,0.49,2.347,2015,26.5,-,BRA
M50,Men's 50m Freestyle,M,Men,50,64,Nathan Adrian,USA,United States of America,No,21.37,21.37,20.88,0.49,2.347,2015,26.7,Kazan,RUS
M50,Men's 50m Freestyle,M,Men,50,65,Florent Manaudou,FRA,France,No,21.37,21.37,20.88,0.49,2.347,2013,22.7,Barcelona,ESP
M50,Men's 50m Freestyle,M,Men,50,66,Cesar Cielo Filho,BRA,Brazil,No,21.37,21.37,20.88,0.49,2.347,2009,22.6,Rome,ITA
M50,Men's 50m Freestyle,M,Men,50,67,Cameron Mcevoy,AUS,Australia,Yes,21.38,21.38,20.88,0.5,2.395,2025,31.6,Tokyo,JPN
M50,Men's 50m Freestyle,M,Men,50,68,Cameron Mcevoy,AUS,Australia,Yes,21.38,21.38,20.88,0.5,2.395,2024,30.2,Paris,FRA
M50,Men's 50m Freestyle,M,Men,50,69,Benjamin Proud,GBR,Great Britain,No,21.38,21.38,20.88,0.5,2.395,2024,29.9,Paris,FRA
M50,Men's 50m Freestyle,M,Men,50,70,Vladyslav Bukhov,UKR,Ukraine,No,21.38,21.38,20.88,0.5,2.395,2024,21.6,Doha,QAT
M50,Men's 50m Freestyle,M,Men,50,71,Cesar Cielo Filho,BRA,Brazil,No,21.38,21.38,20.88,0.5,2.395,2012,25.3,Rio de Janeiro,BRA
M50,Men's 50m Freestyle,M,Men,50,72,Duje Draganja,CRO,Croatia,No,21.38,21.38,20.88,0.5,2.395,2009,26.4,Rome,ITA
M50,Men's 50m Freestyle,M,Men,50,73,Cesar Cielo Filho,BRA,Brazil,No,21.39,21.39,20.88,0.51,2.443,2014,27.3,Sao Paulo,BRA
M50,Men's 50m Freestyle,M,Men,50,74,Benjamin Proud,GBR,Great Britain,No,21.40,21.4,20.88,0.52,2.49,2022,27.9,Rome,ITA
M50,Men's 50m Freestyle,M,Men,50,75,Anthony Ervin,USA,United States of America,No,21.40,21.4,20.88,0.52,2.49,2016,35.2,Rio de Janeiro,BRA
M50,Men's 50m Freestyle,M,Men,50,76,Cullen Jones,USA,United States of America,No,21.40,21.4,20.88,0.52,2.49,2009,25.4,Rome,ITA
M50,Men's 50m Freestyle,M,Men,50,77,Caeleb Dressel,USA,United States of America,No,21.41,21.41,20.88,0.53,2.538,2024,27.8,Indianapolis,USA
M50,Men's 50m Freestyle,M,Men,50,78,Cameron Mcevoy,AUS,Australia,Yes,21.41,21.41,20.88,0.53,2.538,2023,29.1,Melbourne,AUS
M50,Men's 50m Freestyle,M,Men,50,79,Michael Andrew,USA,United States of America,No,21.41,21.41,20.88,0.53,2.538,2022,23.2,Budapest,HUN
M50,Men's 50m Freestyle,M,Men,50,80,Vladimir Morozov,RUS,Russian Federation,No,21.41,21.41,20.88,0.53,2.538,2021,28.8,Kazan,RUS
M50,Men's 50m Freestyle,M,Men,50,81,Florent Manaudou,FRA,France,No,21.41,21.41,20.88,0.53,2.538,2016,25.8,Rio de Janeiro,BRA
M50,Men's 50m Freestyle,M,Men,50,82,Florent Manaudou,FRA,France,No,21.41,21.41,20.88,0.53,2.538,2015,24.7,Kazan,RUS
M50,Men's 50m Freestyle,M,Men,50,83,Bruno Fratus,BRA,Brazil,No,21.41,21.41,20.88,0.53,2.538,2014,25.5,Rio de Janeiro,BRA
M50,Men's 50m Freestyle,M,Men,50,84,Eamon Sullivan,AUS,Australia,Yes,21.41,21.41,20.88,0.53,2.538,2008,22.6,Sydney,AUS
M50,Men's 50m Freestyle,M,Men,50,85,Benjamin Proud,GBR,Great Britain,No,21.42,21.42,20.88,0.54,2.586,2022,27.8,Budapest,HUN
M50,Men's 50m Freestyle,M,Men,50,86,Caeleb Dressel,USA,United States of America,No,21.42,21.42,20.88,0.54,2.586,2021,25.0,Tokyo,JPN
M50,Men's 50m Freestyle,M,Men,50,87,Benjamin Proud,GBR,Great Britain,No,21.42,21.42,20.88,0.54,2.586,2021,26.6,London,GBR
M50,Men's 50m Freestyle,M,Men,50,88,Bruno Fratus,BRA,Brazil,No,21.42,21.42,20.88,0.54,2.586,2019,30.0,Rome,ITA
M50,Men's 50m Freestyle,M,Men,50,89,Florent Manaudou,FRA,France,No,21.42,21.42,20.88,0.54,2.586,2016,25.4,Montpellier,FRA
M50,Men's 50m Freestyle,M,Men,50,90,Anthony Ervin,USA,United States of America,No,21.42,21.42,20.88,0.54,2.586,2013,32.2,Barcelona,ESP
M50,Men's 50m Freestyle,M,Men,50,91,Krisztian Takacs,HUN,Hungary,No,21.42,21.42,20.88,0.54,2.586,2009,23.6,Rome,ITA
M50,Men's 50m Freestyle,M,Men,50,92,Chris Guiliano,USA,United States of America,No,21.43,21.43,20.88,0.55,2.634,2026,22.7,Westmont,USA
M50,Men's 50m Freestyle,M,Men,50,93,Egor Kornev,NAB,Neutral Athletes B,No,21.43,21.43,20.88,0.55,2.634,2025,21.2,Kazan,RUS
M50,Men's 50m Freestyle,M,Men,50,94,Cameron Mcevoy,AUS,Australia,Yes,21.43,21.43,20.88,0.55,2.634,2024,30.1,Brisbane,AUS
M50,Men's 50m Freestyle,M,Men,50,95,Benjamin Proud,GBR,Great Britain,No,21.43,21.43,20.88,0.55,2.634,2017,22.9,Budapest,HUN
M50,Men's 50m Freestyle,M,Men,50,96,Andrej Barna,SRB,Serbia,No,21.44,21.44,20.88,0.56,2.682,2025,27.4,Singapore,SGP
M50,Men's 50m Freestyle,M,Men,50,97,Vladyslav Bukhov,UKR,Ukraine,No,21.44,21.44,20.88,0.56,2.682,2024,21.6,Doha,QAT
M50,Men's 50m Freestyle,M,Men,50,98,Kristian Gkolomeev,GRE,Greece,No,21.44,21.44,20.88,0.56,2.682,2018,25.1,Glasgow,GBR
M50,Men's 50m Freestyle,M,Men,50,99,Vladimir Morozov,RUS,Russian Federation,No,21.44,21.44,20.88,0.56,2.682,2018,26.1,Glasgow,GBR
M50,Men's 50m Freestyle,M,Men,50,100,Vladimir Morozov,RUS,Russian Federation,No,21.44,21.44,20.88,0.56,2.682,2017,24.8,Moscow,RUS
M50,Men's 50m Freestyle,M,Men,50,101,Vladimir Morozov,RUS,Russian Federation,No,21.44,21.44,20.88,0.56,2.682,2017,24.8,Moscow,RUS
M50,Men's 50m Freestyle,M,Men,50,102,Cameron Mcevoy,AUS,Australia,Yes,21.44,21.44,20.88,0.56,2.682,2016,21.9,Adelaide,AUS
M50,Men's 50m Freestyle,M,Men,50,103,Bruno Fratus,BRA,Brazil,No,21.44,21.44,20.88,0.56,2.682,2014,25.2,Gold Coast,AUS
M50,Men's 50m Freestyle,M,Men,50,104,Andrej Barna,SRB,Serbia,No,21.45,21.45,20.88,0.57,2.73,2025,27.4,Singapore,SGP
M50,Men's 50m Freestyle,M,Men,50,105,Cameron Mcevoy,AUS,Australia,Yes,21.45,21.45,20.88,0.57,2.73,2024,29.8,Doha,QAT
M50,Men's 50m Freestyle,M,Men,50,106,Michael Andrew,USA,United States of America,No,21.45,21.45,20.88,0.57,2.73,2022,23.0,Greensboro,USA
M50,Men's 50m Freestyle,M,Men,50,107,Bruno Fratus,BRA,Brazil,No,21.45,21.45,20.88,0.57,2.73,2019,30.1,Gwangju,KOR
M50,Men's 50m Freestyle,M,Men,50,108,Kristian Gkolomeev,GRE,Greece,No,21.45,21.45,20.88,0.57,2.73,2019,26.1,Gwangju,KOR
M50,Men's 50m Freestyle,M,Men,50,109,Pawel Juraszek,POL,Poland,No,21.45,21.45,20.88,0.57,2.73,2018,23.6,Lodz,POL
M50,Men's 50m Freestyle,M,Men,50,110,Benjamin Proud,GBR,Great Britain,No,21.45,21.45,20.88,0.57,2.73,2018,23.5,Gold Coast,AUS
M50,Men's 50m Freestyle,M,Men,50,111,Vladimir Morozov,RUS,Russian Federation,No,21.45,21.45,20.88,0.57,2.73,2017,25.1,Budapest,HUN
M50,Men's 50m Freestyle,M,Men,50,112,Bruno Fratus,BRA,Brazil,No,21.45,21.45,20.88,0.57,2.73,2014,25.5,Rio de Janeiro,BRA
M50,Men's 50m Freestyle,M,Men,50,113,Bruno Fratus,BRA,Brazil,No,21.45,21.45,20.88,0.57,2.73,2014,24.8,Sao Paulo,BRA
M50,Men's 50m Freestyle,M,Men,50,114,Stefan Nystrand,SWE,Sweden,No,21.45,21.45,20.88,0.57,2.73,2009,27.8,Rome,ITA
M50,Men's 50m Freestyle,M,Men,50,115,Amaury Leveaux,FRA,France,No,21.45,21.45,20.88,0.57,2.73,2008,22.7,Beijing,CHN
M50,Men's 50m Freestyle,M,Men,50,116,Jack Alexy,USA,United States of America,No,21.46,21.46,20.88,0.58,2.778,2025,22.5,Singapore,SGP
M50,Men's 50m Freestyle,M,Men,50,117,Guilherme Santos,BRA,Brazil,No,21.46,21.46,20.88,0.58,2.778,2025,22.2,Rio de Janeiro,BRA
M50,Men's 50m Freestyle,M,Men,50,118,Michael Andrew,USA,United States of America,No,21.46,21.46,20.88,0.58,2.778,2018,19.3,Tokyo,JPN
M50,Men's 50m Freestyle,M,Men,50,119,Vladimir Morozov,RUS,Russian Federation,No,21.46,21.46,20.88,0.58,2.778,2017,25.1,Budapest,HUN
M50,Men's 50m Freestyle,M,Men,50,120,Anthony Ervin,USA,United States of America,No,21.46,21.46,20.88,0.58,2.778,2016,35.2,Rio de Janeiro,BRA
M50,Men's 50m Freestyle,M,Men,50,121,Andrii Govorov,UKR,Ukraine,No,21.46,21.46,20.88,0.58,2.778,2016,24.3,Rio de Janeiro,BRA
M50,Men's 50m Freestyle,M,Men,50,122,Nathan Adrian,USA,United States of America,No,21.46,21.46,20.88,0.58,2.778,2009,20.6,Rome,ITA
M50,Men's 50m Freestyle,M,Men,50,123,Amaury Leveaux,FRA,France,No,21.46,21.46,20.88,0.58,2.778,2008,22.7,Beijing,CHN
M50,Men's 50m Freestyle,M,Men,50,124,Bruno Fratus,BRA,Brazil,No,21.47,21.47,20.88,0.59,2.826,2019,29.8,Rio de Janeiro,BRA
M50,Men's 50m Freestyle,M,Men,50,125,Vladimir Morozov,RUS,Russian Federation,No,21.47,21.47,20.88,0.59,2.826,2018,25.9,Moscow,RUS
M50,Men's 50m Freestyle,M,Men,50,126,Pawel Juraszek,POL,Poland,No,21.47,21.47,20.88,0.59,2.826,2017,22.8,Budapest,HUN
M50,Men's 50m Freestyle,M,Men,50,127,Nathan Adrian,USA,United States of America,No,21.47,21.47,20.88,0.59,2.826,2016,27.7,Rio de Janeiro,BRA
M50,Men's 50m Freestyle,M,Men,50,128,Vladimir Morozov,RUS,Russian Federation,No,21.47,21.47,20.88,0.59,2.826,2013,21.1,Barcelona,ESP
M50,Men's 50m Freestyle,M,Men,50,129,Nathan Adrian,USA,United States of America,No,21.47,21.47,20.88,0.59,2.826,2013,24.5,Indianapolis,USA
M50,Men's 50m Freestyle,M,Men,50,130,Cullen Jones,USA,United States of America,No,21.47,21.47,20.88,0.59,2.826,2009,25.4,Rome,ITA
M50,Men's 50m Freestyle,M,Men,50,131,Cesar Cielo Filho,BRA,Brazil,No,21.47,21.47,20.88,0.59,2.826,2008,21.6,Beijing,CHN
M50,Men's 50m Freestyle,M,Men,50,132,Cameron Mcevoy,AUS,Australia,Yes,21.48,21.48,20.88,0.6,2.874,2025,30.9,Brisbane,AUS
M50,Men's 50m Freestyle,M,Men,50,133,Josh Liendo,CAN,Canada,No,21.48,21.48,20.88,0.6,2.874,2024,21.7,Toronto,CAN
M50,Men's 50m Freestyle,M,Men,50,134,Michael Andrew,USA,United States of America,No,21.48,21.48,20.88,0.6,2.874,2021,22.2,Omaha,USA
M50,Men's 50m Freestyle,M,Men,50,135,Benjamin Proud,GBR,Great Britain,No,21.48,21.48,20.88,0.6,2.874,2019,24.6,Guangzhou,CHN
M50,Men's 50m Freestyle,M,Men,50,136,Bruno Fratus,BRA,Brazil,No,21.49,21.49,20.88,0.61,2.921,2022,32.9,Monaco,MON
M50,Men's 50m Freestyle,M,Men,50,137,Caeleb Dressel,USA,United States of America,No,21.49,21.49,20.88,0.61,2.921,2019,22.9,Gwangju,KOR
M50,Men's 50m Freestyle,M,Men,50,138,Vladimir Morozov,RUS,Russian Federation,No,21.49,21.49,20.88,0.61,2.921,2018,26.2,Kazan,RUS
M50,Men's 50m Freestyle,M,Men,50,139,Michael Andrew,USA,United States of America,No,21.49,21.49,20.88,0.61,2.921,2018,19.3,Irvine,USA
M50,Men's 50m Freestyle,M,Men,50,140,Nathan Adrian,USA,United States of America,No,21.49,21.49,20.88,0.61,2.921,2016,27.7,Rio de Janeiro,BRA
M50,Men's 50m Freestyle,M,Men,50,141,Andrii Govorov,UKR,Ukraine,No,21.49,21.49,20.88,0.61,2.921,2016,24.3,Rio de Janeiro,BRA
M50,Men's 50m Freestyle,M,Men,50,142,Frederick Bousquet,FRA,France,No,21.49,21.49,20.88,0.61,2.921,2010,29.4,Budapest,HUN
M50,Men's 50m Freestyle,M,Men,50,143,Nathan Adrian,USA,United States of America,No,21.49,21.49,20.88,0.61,2.921,2009,20.6,Rome,ITA
M50,Men's 50m Freestyle,M,Men,50,144,Alain Bernard,FRA,France,No,21.49,21.49,20.88,0.61,2.921,2008,25.3,Beijing,CHN
M50,Men's 50m Freestyle,M,Men,50,145,Leonardo Deplano,ITA,Italy,No,21.50,21.5,20.88,0.62,2.969,2024,25.0,Paris,FRA
M50,Men's 50m Freestyle,M,Men,50,146,Ryan Held,USA,United States of America,No,21.50,21.5,20.88,0.62,2.969,2023,28.0,Indianapolis,USA
M50,Men's 50m Freestyle,M,Men,50,147,Vladimir Morozov,RUS,Russian Federation,No,21.50,21.5,20.88,0.62,2.969,2019,27.3,Budapest,HUN
M50,Men's 50m Freestyle,M,Men,50,148,Vladimir Morozov,RUS,Russian Federation,No,21.50,21.5,20.88,0.62,2.969,2019,27.1,Jinan,CHN
M50,Men's 50m Freestyle,M,Men,50,149,Benjamin Proud,GBR,Great Britain,No,21.50,21.5,20.88,0.62,2.969,2019,24.6,Glasgow,GBR
M50,Men's 50m Freestyle,M,Men,50,150,Bruno Fratus,BRA,Brazil,No,21.50,21.5,20.88,0.62,2.969,2015,26.5,Palhoca,BRA
M50,Men's 50m Freestyle,M,Men,50,151,Alain Bernard,FRA,France,No,21.50,21.5,20.88,0.62,2.969,2008,24.9,Eindhoven,NED
M50,Men's 50m Freestyle,M,Men,50,152,Egor Kornev,NAB,Neutral Athletes B,No,21.51,21.51,20.88,0.63,3.017,2025,21.5,Singapore,SGP
M50,Men's 50m Freestyle,M,Men,50,153,Jordan Crooks,CAY,Cayman Islands,No,21.51,21.51,20.88,0.63,3.017,2024,22.3,Paris,FRA
M50,Men's 50m Freestyle,M,Men,50,154,Caeleb Dressel,USA,United States of America,No,21.51,21.51,20.88,0.63,3.017,2021,24.8,Omaha,USA
M50,Men's 50m Freestyle,M,Men,50,155,Caeleb Dressel,USA,United States of America,No,21.51,21.51,20.88,0.63,3.017,2020,23.6,Des Moines,USA
M50,Men's 50m Freestyle,M,Men,50,156,Caeleb Dressel,USA,United States of America,No,21.51,21.51,20.88,0.63,3.017,2019,22.8,Mission Viejo,USA
M50,Men's 50m Freestyle,M,Men,50,157,Bruno Fratus,BRA,Brazil,No,21.51,21.51,20.88,0.63,3.017,2017,28.1,Budapest,HUN
M50,Men's 50m Freestyle,M,Men,50,158,Nathan Adrian,USA,United States of America,No,21.51,21.51,20.88,0.63,3.017,2016,27.6,Omaha,USA
M50,Men's 50m Freestyle,M,Men,50,159,George Bovell,TTO,Trinidad and Tobago,No,21.51,21.51,20.88,0.63,3.017,2013,30.0,Barcelona,ESP
M50,Men's 50m Freestyle,M,Men,50,160,George Bovell,TTO,Trinidad and Tobago,No,21.51,21.51,20.88,0.63,3.017,2009,26.0,Rome,ITA
M50,Men's 50m Freestyle,M,Men,50,161,Leonardo Deplano,ITA,Italy,No,21.52,21.52,20.88,0.64,3.065,2025,26.0,Singapore,SGP
M50,Men's 50m Freestyle,M,Men,50,162,Jack Alexy,USA,United States of America,No,21.52,21.52,20.88,0.64,3.065,2025,22.5,Singapore,SGP
M50,Men's 50m Freestyle,M,Men,50,163,Egor Kornev,NAB,Neutral Athletes B,No,21.52,21.52,20.88,0.64,3.065,2025,21.5,Singapore,SGP
M50,Men's 50m Freestyle,M,Men,50,164,Andrej Barna,SRB,Serbia,No,21.52,21.52,20.88,0.64,3.065,2025,27.4,Belgrade,SRB
M50,Men's 50m Freestyle,M,Men,50,165,Vladyslav Bukhov,UKR,Ukraine,No,21.52,21.52,20.88,0.64,3.065,2025,23.0,Samorin,SVK
M50,Men's 50m Freestyle,M,Men,50,166,Florent Manaudou,FRA,France,No,21.52,21.52,20.88,0.64,3.065,2024,33.6,Chartres,FRA
M50,Men's 50m Freestyle,M,Men,50,167,Benjamin Proud,GBR,Great Britain,No,21.52,21.52,20.88,0.64,3.065,2019,24.6,Budapest,HUN
M50,Men's 50m Freestyle,M,Men,50,168,Kristian Gkolomeev,GRE,Greece,No,21.52,21.52,20.88,0.64,3.065,2018,25.1,Glasgow,GBR
M50,Men's 50m Freestyle,M,Men,50,169,Benjamin Proud,GBR,Great Britain,No,21.52,21.52,20.88,0.64,3.065,2018,23.4,Uster,SUI
M50,Men's 50m Freestyle,M,Men,50,170,Anthony Ervin,USA,United States of America,No,21.52,21.52,20.88,0.64,3.065,2016,35.1,Omaha,USA
M50,Men's 50m Freestyle,M,Men,50,171,Nathan Adrian,USA,United States of America,No,21.52,21.52,20.88,0.64,3.065,2015,26.7,Kazan,RUS
M50,Men's 50m Freestyle,M,Men,50,172,James Magnussen,AUS,Australia,Yes,21.52,21.52,20.88,0.64,3.065,2013,22.0,Adelaide,AUS
M50,Men's 50m Freestyle,M,Men,50,173,Cesar Cielo Filho,BRA,Brazil,No,21.52,21.52,20.88,0.64,3.065,2011,24.6,Shanghai,CHN
M50,Men's 50m Freestyle,M,Men,50,174,Egor Kornev,NAB,Neutral Athletes B,No,21.53,21.53,20.88,0.65,3.113,2025,21.5,Singapore,SGP
M50,Men's 50m Freestyle,M,Men,50,175,Cameron Mcevoy,AUS,Australia,Yes,21.53,21.53,20.88,0.65,3.113,2025,31.2,Singapore,SGP
M50,Men's 50m Freestyle,M,Men,50,176,Cameron Mcevoy,AUS,Australia,Yes,21.53,21.53,20.88,0.65,3.113,2025,31.0,Sydney,AUS
M50,Men's 50m Freestyle,M,Men,50,177,Benjamin Proud,GBR,Great Britain,No,21.53,21.53,20.88,0.65,3.113,2024,29.4,Doha,QAT
M50,Men's 50m Freestyle,M,Men,50,178,Florent Manaudou,FRA,France,No,21.53,21.53,20.88,0.65,3.113,2021,30.7,Tokyo,JPN
M50,Men's 50m Freestyle,M,Men,50,179,Vladimir Morozov,RUS,Russian Federation,No,21.53,21.53,20.88,0.65,3.113,2019,27.1,Gwangju,KOR
M50,Men's 50m Freestyle,M,Men,50,180,Bruno Fratus,BRA,Brazil,No,21.53,21.53,20.88,0.65,3.113,2019,30.1,Gwangju,KOR
M50,Men's 50m Freestyle,M,Men,50,181,Andrea Vergani,ITA,Italy,No,21.53,21.53,20.88,0.65,3.113,2019,21.8,Riccione,ITA
M50,Men's 50m Freestyle,M,Men,50,182,Caeleb Dressel,USA,United States of America,No,21.53,21.53,20.88,0.65,3.113,2017,20.9,Indianapolis,USA
M50,Men's 50m Freestyle,M,Men,50,183,Caeleb Dressel,USA,United States of America,No,21.53,21.53,20.88,0.65,3.113,2015,19.0,San Antonio,USA
M50,Men's 50m Freestyle,M,Men,50,184,Stefan Nystrand,SWE,Sweden,No,21.53,21.53,20.88,0.65,3.113,2009,27.8,Rome,ITA
M50,Men's 50m Freestyle,M,Men,50,185,Egor Kornev,NAB,Neutral Athletes B,No,21.54,21.54,20.88,0.66,3.161,2025,21.2,Kazan,RUS
M50,Men's 50m Freestyle,M,Men,50,186,Jordan Crooks,CAY,Cayman Islands,No,21.54,21.54,20.88,0.66,3.161,2024,22.3,Paris,FRA
M50,Men's 50m Freestyle,M,Men,50,187,Florent Manaudou,FRA,France,No,21.54,21.54,20.88,0.66,3.161,2024,33.7,Paris,FRA
M50,Men's 50m Freestyle,M,Men,50,188,Florent Manaudou,FRA,France,No,21.54,21.54,20.88,0.66,3.161,2024,33.6,Chartres,FRA
M50,Men's 50m Freestyle,M,Men,50,189,Benjamin Proud,GBR,Great Britain,No,21.54,21.54,20.88,0.66,3.161,2024,29.4,Doha,QAT
M50,Men's 50m Freestyle,M,Men,50,190,Kristian Gkolomeev,GRE,Greece,No,21.54,21.54,20.88,0.66,3.161,2019,25.9,Monaco,MON
M50,Men's 50m Freestyle,M,Men,50,191,Benjamin Proud,GBR,Great Britain,No,21.54,21.54,20.88,0.66,3.161,2016,21.9,Rio de Janeiro,BRA
M50,Men's 50m Freestyle,M,Men,50,192,Cullen Jones,USA,United States of America,No,21.54,21.54,20.88,0.66,3.161,2012,28.4,London,GBR
M50,Men's 50m Freestyle,M,Men,50,193,Cesar Cielo Filho,BRA,Brazil,No,21.54,21.54,20.88,0.66,3.161,2012,25.6,London,GBR
M50,Men's 50m Freestyle,M,Men,50,194,Cullen Jones,USA,United States of America,No,21.54,21.54,20.88,0.66,3.161,2012,28.4,London,GBR
M50,Men's 50m Freestyle,M,Men,50,195,Alain Bernard,FRA,France,No,21.54,21.54,20.88,0.66,3.161,2008,25.3,Beijing,CHN
M50,Men's 50m Freestyle,M,Men,50,196,Florent Manaudou,FRA,France,No,21.55,21.55,20.88,0.67,3.209,2021,30.7,Tokyo,JPN
M50,Men's 50m Freestyle,M,Men,50,197,Michael Andrew,USA,United States of America,No,21.55,21.55,20.88,0.67,3.209,2021,22.2,Omaha,USA
M50,Men's 50m Freestyle,M,Men,50,198,Vladimir Morozov,RUS,Russian Federation,No,21.55,21.55,20.88,0.67,3.209,2020,27.6,Beijing,CHN
M50,Men's 50m Freestyle,M,Men,50,199,Vladimir Morozov,RUS,Russian Federation,No,21.55,21.55,20.88,0.67,3.209,2019,27.3,Berlin,GER
M50,Men's 50m Freestyle,M,Men,50,200,Benjamin Proud,GBR,Great Britain,No,21.55,21.55,20.88,0.67,3.209,2019,24.8,Gwangju,KOR
M100,Men's 100m Freestyle,M,Men,100,1,Zhanle Pan,CHN,People's Republic of China,No,46.40,46.4,46.4,0.0,0.0,2024,20.0,Paris,FRA
M100,Men's 100m Freestyle,M,Men,100,2,David Popovici,ROU,Romania,No,46.51,46.51,46.4,0.11,0.237,2025,20.9,Singapore,SGP
M100,Men's 100m Freestyle,M,Men,100,3,David Popovici,ROU,Romania,No,46.71,46.71,46.4,0.31,0.668,2025,20.8,Samorin,SVK
M100,Men's 100m Freestyle,M,Men,100,4,Zhanle Pan,CHN,People's Republic of China,No,46.80,46.8,46.4,0.4,0.862,2024,19.5,Doha,QAT
M100,Men's 100m Freestyle,M,Men,100,5,Jack Alexy,USA,United States of America,No,46.81,46.81,46.4,0.41,0.884,2025,22.5,Singapore,SGP
M100,Men's 100m Freestyle,M,Men,100,6,David Popovici,ROU,Romania,No,46.84,46.84,46.4,0.44,0.948,2025,20.9,Singapore,SGP
M100,Men's 100m Freestyle,M,Men,100,7,David Popovici,ROU,Romania,No,46.86,46.86,46.4,0.46,0.991,2022,17.9,Rome,ITA
M100,Men's 100m Freestyle,M,Men,100,8,David Popovici,ROU,Romania,No,46.88,46.88,46.4,0.48,1.034,2024,19.8,Belgrade,SRB
M100,Men's 100m Freestyle,M,Men,100,9,Cesar Cielo Filho,BRA,Brazil,No,46.91,46.91,46.4,0.51,1.099,2009,22.6,Rome,ITA
M100,Men's 100m Freestyle,M,Men,100,10,Jack Alexy,USA,United States of America,No,46.92,46.92,46.4,0.52,1.121,2025,22.5,Singapore,SGP
M100,Men's 100m Freestyle,M,Men,100,11,Zhanle Pan,CHN,People's Republic of China,No,46.92,46.92,46.4,0.52,1.121,2024,20.0,Paris,FRA
M100,Men's 100m Freestyle,M,Men,100,12,Alain Bernard,FRA,France,No,46.94,46.94,46.4,0.54,1.164,2009,26.0,Montpellier,FRA
M100,Men's 100m Freestyle,M,Men,100,13,Caeleb Dressel,USA,United States of America,No,46.96,46.96,46.4,0.56,1.207,2019,22.9,Gwangju,KOR
M100,Men's 100m Freestyle,M,Men,100,14,Zhanle Pan,CHN,People's Republic of China,No,46.97,46.97,46.4,0.57,1.228,2024,19.7,Shenzhen,CHN
M100,Men's 100m Freestyle,M,Men,100,15,Zhanle Pan,CHN,People's Republic of China,No,46.97,46.97,46.4,0.57,1.228,2023,19.1,Hangzhou,CHN
M100,Men's 100m Freestyle,M,Men,100,16,David Popovici,ROU,Romania,No,46.98,46.98,46.4,0.58,1.25,2022,17.9,Rome,ITA
M100,Men's 100m Freestyle,M,Men,100,17,Jack Alexy,USA,United States of America,No,46.99,46.99,46.4,0.59,1.272,2025,22.4,Indianapolis,USA
M100,Men's 100m Freestyle,M,Men,100,18,Caeleb Dressel,USA,United States of America,No,47.02,47.02,46.4,0.62,1.336,2021,25.0,Tokyo,JPN
M100,Men's 100m Freestyle,M,Men,100,19,Cameron Mcevoy,AUS,Australia,Yes,47.04,47.04,46.4,0.64,1.379,2016,21.9,Adelaide,AUS
M100,Men's 100m Freestyle,M,Men,100,20,Eamon Sullivan,AUS,Australia,Yes,47.05,47.05,46.4,0.65,1.401,2008,23.0,Beijing,CHN
M100,Men's 100m Freestyle,M,Men,100,21,Zhanle Pan,CHN,People's Republic of China,No,47.06,47.06,46.4,0.66,1.422,2023,19.1,Hangzhou,CHN
M100,Men's 100m Freestyle,M,Men,100,22,David Popovici,ROU,Romania,No,47.07,47.07,46.4,0.67,1.444,2022,18.0,Lima,PER
M100,Men's 100m Freestyle,M,Men,100,23,Jack Alexy,USA,United States of America,No,47.08,47.08,46.4,0.68,1.466,2024,21.4,Indianapolis,USA
M100,Men's 100m Freestyle,M,Men,100,24,Kyle Chalmers,AUS,Australia,Yes,47.08,47.08,46.4,0.68,1.466,2021,23.1,Tokyo,JPN
M100,Men's 100m Freestyle,M,Men,100,25,Kyle Chalmers,AUS,Australia,Yes,47.08,47.08,46.4,0.68,1.466,2019,21.1,Gwangju,KOR
M100,Men's 100m Freestyle,M,Men,100,26,Cesar Cielo Filho,BRA,Brazil,No,47.09,47.09,46.4,0.69,1.487,2009,22.5,Rome,ITA
M100,Men's 100m Freestyle,M,Men,100,27,Guilherme Santos,BRA,Brazil,No,47.10,47.1,46.4,0.7,1.509,2025,22.1,Rio de Janeiro,BRA
M100,Men's 100m Freestyle,M,Men,100,28,James Magnussen,AUS,Australia,Yes,47.10,47.1,46.4,0.7,1.509,2012,20.9,Adelaide,AUS
M100,Men's 100m Freestyle,M,Men,100,29,Kliment Kolesnikov,RUS,Russian Federation,No,47.11,47.11,46.4,0.71,1.53,2021,21.1,Tokyo,JPN
M100,Men's 100m Freestyle,M,Men,100,30,Alain Bernard,FRA,France,No,47.12,47.12,46.4,0.72,1.552,2009,26.2,Rome,ITA
M100,Men's 100m Freestyle,M,Men,100,31,David Popovici,ROU,Romania,No,47.13,47.13,46.4,0.73,1.573,2022,18.0,Lima,PER
M100,Men's 100m Freestyle,M,Men,100,32,David Popovici,ROU,Romania,No,47.13,47.13,46.4,0.73,1.573,2022,17.8,Budapest,HUN
M100,Men's 100m Freestyle,M,Men,100,33,Kyle Chalmers,AUS,Australia,Yes,47.15,47.15,46.4,0.75,1.616,2023,25.1,Fukuoka,JPN
M100,Men's 100m Freestyle,M,Men,100,34,Kyle Chalmers,AUS,Australia,Yes,47.17,47.17,46.4,0.77,1.659,2025,27.1,Singapore,SGP
M100,Men's 100m Freestyle,M,Men,100,35,Jack Alexy,USA,United States of America,No,47.17,47.17,46.4,0.77,1.659,2025,22.4,Indianapolis,USA
M100,Men's 100m Freestyle,M,Men,100,36,Caeleb Dressel,USA,United States of America,No,47.17,47.17,46.4,0.77,1.659,2017,20.9,Budapest,HUN
M100,Men's 100m Freestyle,M,Men,100,37,David Popovici,ROU,Romania,No,47.20,47.2,46.4,0.8,1.724,2022,17.9,Rome,ITA
M100,Men's 100m Freestyle,M,Men,100,38,Alain Bernard,FRA,France,No,47.20,47.2,46.4,0.8,1.724,2008,25.3,Beijing,CHN
M100,Men's 100m Freestyle,M,Men,100,39,Zhanle Pan,CHN,People's Republic of China,No,47.21,47.21,46.4,0.81,1.746,2024,20.0,Paris,FRA
M100,Men's 100m Freestyle,M,Men,100,40,Alain Bernard,FRA,France,No,47.21,47.21,46.4,0.81,1.746,2008,25.3,Beijing,CHN
M100,Men's 100m Freestyle,M,Men,100,41,David Popovici,ROU,Romania,No,47.22,47.22,46.4,0.82,1.767,2024,19.8,Belgrade,SRB
M100,Men's 100m Freestyle,M,Men,100,42,Zhanle Pan,CHN,People's Republic of China,No,47.22,47.22,46.4,0.82,1.767,2023,18.7,Hangzhou,CHN
M100,Men's 100m Freestyle,M,Men,100,43,Caeleb Dressel,USA,United States of America,No,47.23,47.23,46.4,0.83,1.789,2021,24.9,Tokyo,JPN
M100,Men's 100m Freestyle,M,Men,100,44,Jack Alexy,USA,United States of America,No,47.24,47.24,46.4,0.84,1.81,2025,22.5,Singapore,SGP
M100,Men's 100m Freestyle,M,Men,100,45,Eamon Sullivan,AUS,Australia,Yes,47.24,47.24,46.4,0.84,1.81,2008,22.9,Beijing,CHN
M100,Men's 100m Freestyle,M,Men,100,46,Chris Guiliano,USA,United States of America,No,47.25,47.25,46.4,0.85,1.832,2024,21.0,Indianapolis,USA
M100,Men's 100m Freestyle,M,Men,100,47,Frederick Bousquet,FRA,France,No,47.25,47.25,46.4,0.85,1.832,2009,28.3,Rome,ITA
M100,Men's 100m Freestyle,M,Men,100,48,Caeleb Dressel,USA,United States of America,No,47.26,47.26,46.4,0.86,1.853,2021,24.9,Tokyo,JPN
M100,Men's 100m Freestyle,M,Men,100,49,Caeleb Dressel,USA,United States of America,No,47.26,47.26,46.4,0.86,1.853,2017,20.9,Budapest,HUN
M100,Men's 100m Freestyle,M,Men,100,50,Kyle Chalmers,AUS,Australia,Yes,47.27,47.27,46.4,0.87,1.875,2025,26.8,Bergen,NOR
M100,Men's 100m Freestyle,M,Men,100,51,Brent Hayden,CAN,Canada,No,47.27,47.27,46.4,0.87,1.875,2009,25.8,Rome,ITA
M100,Men's 100m Freestyle,M,Men,100,52,Alain Bernard,FRA,France,No,47.27,47.27,46.4,0.87,1.875,2009,26.2,Rome,ITA
M100,Men's 100m Freestyle,M,Men,100,53,Egor Kornev,NAB,Neutral Athletes B,No,47.29,47.29,46.4,0.89,1.918,2025,21.5,Singapore,SGP
M100,Men's 100m Freestyle,M,Men,100,54,Kyle Chalmers,AUS,Australia,Yes,47.29,47.29,46.4,0.89,1.918,2025,27.0,Adelaide,AUS
M100,Men's 100m Freestyle,M,Men,100,55,David Popovici,ROU,Romania,No,47.30,47.3,46.4,0.9,1.94,2025,20.6,Otopeni,ROU
M100,Men's 100m Freestyle,M,Men,100,56,David Popovici,ROU,Romania,No,47.30,47.3,46.4,0.9,1.94,2021,16.8,Rome,ITA
M100,Men's 100m Freestyle,M,Men,100,57,Jack Alexy,USA,United States of America,No,47.31,47.31,46.4,0.91,1.961,2023,20.5,Fukuoka,JPN
M100,Men's 100m Freestyle,M,Men,100,58,Kliment Kolesnikov,RUS,Russian Federation,No,47.31,47.31,46.4,0.91,1.961,2021,20.7,Kazan,RUS
M100,Men's 100m Freestyle,M,Men,100,59,Caeleb Dressel,USA,United States of America,No,47.32,47.32,46.4,0.92,1.983,2019,22.9,Gwangju,KOR
M100,Men's 100m Freestyle,M,Men,100,60,Eamon Sullivan,AUS,Australia,Yes,47.32,47.32,46.4,0.92,1.983,2008,23.0,Beijing,CHN
M100,Men's 100m Freestyle,M,Men,100,61,Maxime Grousset,FRA,France,No,47.33,47.33,46.4,0.93,2.004,2024,25.2,Chartres,FRA
M100,Men's 100m Freestyle,M,Men,100,62,Jack Alexy,USA,United States of America,No,47.33,47.33,46.4,0.93,2.004,2024,21.4,Indianapolis,USA
M100,Men's 100m Freestyle,M,Men,100,63,David Walters,USA,United States of America,No,47.33,47.33,46.4,0.93,2.004,2009,21.8,Rome,ITA
M100,Men's 100m Freestyle,M,Men,100,64,Guilherme Santos,BRA,Brazil,No,47.35,47.35,46.4,0.95,2.047,2025,22.4,Singapore,SGP
M100,Men's 100m Freestyle,M,Men,100,65,Caeleb Dressel,USA,United States of America,No,47.35,47.35,46.4,0.95,2.047,2019,22.9,Gwangju,KOR
M100,Men's 100m Freestyle,M,Men,100,66,Kyle Chalmers,AUS,Australia,Yes,47.35,47.35,46.4,0.95,2.047,2019,21.0,Brisbane,AUS
M100,Men's 100m Freestyle,M,Men,100,67,Kyle Chalmers,AUS,Australia,Yes,47.36,47.36,46.4,0.96,2.069,2025,27.1,Singapore,SGP
M100,Men's 100m Freestyle,M,Men,100,68,Kyle Chalmers,AUS,Australia,Yes,47.36,47.36,46.4,0.96,2.069,2022,24.1,Birmingham,GBR
M100,Men's 100m Freestyle,M,Men,100,69,David Popovici,ROU,Romania,No,47.37,47.37,46.4,0.97,2.091,2022,18.0,Lima,PER
M100,Men's 100m Freestyle,M,Men,100,70,Kliment Kolesnikov,RUS,Russian Federation,No,47.37,47.37,46.4,0.97,2.091,2021,20.9,Budapest,HUN
M100,Men's 100m Freestyle,M,Men,100,71,Stefan Nystrand,SWE,Sweden,No,47.37,47.37,46.4,0.97,2.091,2009,27.8,Rome,ITA
M100,Men's 100m Freestyle,M,Men,100,72,Chris Guiliano,USA,United States of America,No,47.38,47.38,46.4,0.98,2.112,2026,22.7,Westmont,USA
M100,Men's 100m Freestyle,M,Men,100,73,David Popovici,ROU,Romania,No,47.38,47.38,46.4,0.98,2.112,2025,20.8,Samorin,SVK
M100,Men's 100m Freestyle,M,Men,100,74,Chris Guiliano,USA,United States of America,No,47.38,47.38,46.4,0.98,2.112,2024,21.0,Indianapolis,USA
M100,Men's 100m Freestyle,M,Men,100,75,Maxime Grousset,FRA,France,No,47.39,47.39,46.4,0.99,2.134,2025,26.3,Singapore,SGP
M100,Men's 100m Freestyle,M,Men,100,76,Caeleb Dressel,USA,United States of America,No,47.39,47.39,46.4,0.99,2.134,2021,24.8,Omaha,USA
M100,Men's 100m Freestyle,M,Men,100,77,Ryan Held,USA,United States of America,No,47.39,47.39,46.4,0.99,2.134,2019,24.1,Palo Alto,USA
M100,Men's 100m Freestyle,M,Men,100,78,Cesar Cielo Filho,BRA,Brazil,No,47.39,47.39,46.4,0.99,2.134,2009,22.5,Rome,ITA
M100,Men's 100m Freestyle,M,Men,100,79,Jack Alexy,USA,United States of America,No,47.40,47.4,46.4,1.0,2.155,2025,22.9,Austin,USA
M100,Men's 100m Freestyle,M,Men,100,80,David Popovici,ROU,Romania,No,47.41,47.41,46.4,1.01,2.177,2025,20.9,Singapore,SGP
M100,Men's 100m Freestyle,M,Men,100,81,Egor Kornev,NAB,Neutral Athletes B,No,47.42,47.42,46.4,1.02,2.198,2025,21.2,Kazan,RUS
M100,Men's 100m Freestyle,M,Men,100,82,Maxime Grousset,FRA,France,No,47.42,47.42,46.4,1.02,2.198,2023,24.3,Fukuoka,JPN
M100,Men's 100m Freestyle,M,Men,100,83,Zhanle Pan,CHN,People's Republic of China,No,47.43,47.43,46.4,1.03,2.22,2023,19.0,Fukuoka,JPN
M100,Men's 100m Freestyle,M,Men,100,84,Ryan Held,USA,United States of America,No,47.43,47.43,46.4,1.03,2.22,2019,24.1,Palo Alto,USA
M100,Men's 100m Freestyle,M,Men,100,85,Vladislav Grinev,RUS,Russian Federation,No,47.43,47.43,46.4,1.03,2.22,2019,22.7,Moscow,RUS
M100,Men's 100m Freestyle,M,Men,100,86,Kyle Chalmers,AUS,Australia,Yes,47.44,47.44,46.4,1.04,2.241,2023,25.0,Melbourne,AUS
M100,Men's 100m Freestyle,M,Men,100,87,Kliment Kolesnikov,RUS,Russian Federation,No,47.44,47.44,46.4,1.04,2.241,2021,21.1,Tokyo,JPN
M100,Men's 100m Freestyle,M,Men,100,88,Matthew Richards,GBR,Great Britain,No,47.45,47.45,46.4,1.05,2.263,2023,20.6,Fukuoka,JPN
M100,Men's 100m Freestyle,M,Men,100,89,Alessandro Miressi,ITA,Italy,No,47.45,47.45,46.4,1.05,2.263,2021,22.6,Budapest,HUN
M100,Men's 100m Freestyle,M,Men,100,90,Alessandro Miressi,ITA,Italy,No,47.46,47.46,46.4,1.06,2.284,2021,22.8,Tokyo,JPN
M100,Men's 100m Freestyle,M,Men,100,91,Patrick Sammon,USA,United States of America,No,47.47,47.47,46.4,1.07,2.306,2025,21.8,Indianapolis,USA
M100,Men's 100m Freestyle,M,Men,100,92,Jack Alexy,USA,United States of America,No,47.47,47.47,46.4,1.07,2.306,2024,21.4,Indianapolis,USA
M100,Men's 100m Freestyle,M,Men,100,93,Matthew Richards,GBR,Great Britain,No,47.47,47.47,46.4,1.07,2.306,2023,20.6,Fukuoka,JPN
M100,Men's 100m Freestyle,M,Men,100,94,Kristof Milak,HUN,Hungary,No,47.47,47.47,46.4,1.07,2.306,2022,22.5,Rome,ITA
M100,Men's 100m Freestyle,M,Men,100,95,Kyle Chalmers,AUS,Australia,Yes,47.48,47.48,46.4,1.08,2.328,2025,27.1,Singapore,SGP
M100,Men's 100m Freestyle,M,Men,100,96,Kyle Chalmers,AUS,Australia,Yes,47.48,47.48,46.4,1.08,2.328,2024,26.1,Paris,FRA
M100,Men's 100m Freestyle,M,Men,100,97,Kyle Chalmers,AUS,Australia,Yes,47.48,47.48,46.4,1.08,2.328,2019,20.8,Adelaide,AUS
M100,Men's 100m Freestyle,M,Men,100,98,Cesar Cielo Filho,BRA,Brazil,No,47.48,47.48,46.4,1.08,2.328,2009,22.5,Rome,ITA
M100,Men's 100m Freestyle,M,Men,100,99,Chris Guiliano,USA,United States of America,No,47.49,47.49,46.4,1.09,2.349,2025,21.9,Indianapolis,USA
M100,Men's 100m Freestyle,M,Men,100,100,David Popovici,ROU,Romania,No,47.49,47.49,46.4,1.09,2.349,2024,19.9,Paris,FRA
M100,Men's 100m Freestyle,M,Men,100,101,Nandor Nemeth,HUN,Hungary,No,47.49,47.49,46.4,1.09,2.349,2024,24.6,Belgrade,SRB
M100,Men's 100m Freestyle,M,Men,100,102,James Magnussen,AUS,Australia,Yes,47.49,47.49,46.4,1.09,2.349,2011,20.3,Shanghai,CHN
M100,Men's 100m Freestyle,M,Men,100,103,Maxime Grousset,FRA,France,No,47.50,47.5,46.4,1.1,2.371,2025,26.1,Montpellier,FRA
M100,Men's 100m Freestyle,M,Men,100,104,Nandor Nemeth,HUN,Hungary,No,47.50,47.5,46.4,1.1,2.371,2024,24.7,Paris,FRA
M100,Men's 100m Freestyle,M,Men,100,105,Alain Bernard,FRA,France,No,47.50,47.5,46.4,1.1,2.371,2008,24.9,Eindhoven,NED
M100,Men's 100m Freestyle,M,Men,100,106,Brooks Curry,USA,United States of America,No,47.51,47.51,46.4,1.11,2.392,2026,25.2,Stockholm,SWE
M100,Men's 100m Freestyle,M,Men,100,107,Egor Kornev,NAB,Neutral Athletes B,No,47.51,47.51,46.4,1.11,2.392,2025,21.5,Singapore,SGP
M100,Men's 100m Freestyle,M,Men,100,108,Egor Kornev,NAB,Neutral Athletes B,No,47.51,47.51,46.4,1.11,2.392,2025,21.5,Singapore,SGP
M100,Men's 100m Freestyle,M,Men,100,109,Kyle Chalmers,AUS,Australia,Yes,47.51,47.51,46.4,1.11,2.392,2022,24.1,Birmingham,GBR
M100,Men's 100m Freestyle,M,Men,100,110,Michael Phelps,USA,United States of America,No,47.51,47.51,46.4,1.11,2.392,2008,23.1,Beijing,CHN
M100,Men's 100m Freestyle,M,Men,100,111,David Popovici,ROU,Romania,No,47.52,47.52,46.4,1.12,2.414,2026,21.6,Otopeni,ROU
M100,Men's 100m Freestyle,M,Men,100,112,Kyle Chalmers,AUS,Australia,Yes,47.52,47.52,46.4,1.12,2.414,2023,25.1,Fukuoka,JPN
M100,Men's 100m Freestyle,M,Men,100,113,Alessandro Miressi,ITA,Italy,No,47.52,47.52,46.4,1.12,2.414,2021,22.8,Tokyo,JPN
M100,Men's 100m Freestyle,M,Men,100,114,Maxime Grousset,FRA,France,No,47.52,47.52,46.4,1.12,2.414,2021,22.3,Tokyo,JPN
M100,Men's 100m Freestyle,M,Men,100,115,Nathan Adrian,USA,United States of America,No,47.52,47.52,46.4,1.12,2.414,2012,23.7,London,GBR
M100,Men's 100m Freestyle,M,Men,100,116,Stefan Nystrand,SWE,Sweden,No,47.52,47.52,46.4,1.12,2.414,2009,27.8,Rome,ITA
M100,Men's 100m Freestyle,M,Men,100,117,Matthew Richards,GBR,Great Britain,No,47.53,47.53,46.4,1.13,2.435,2026,23.3,London,GBR
M100,Men's 100m Freestyle,M,Men,100,118,Caeleb Dressel,USA,United States of America,No,47.53,47.53,46.4,1.13,2.435,2024,27.8,Indianapolis,USA
M100,Men's 100m Freestyle,M,Men,100,119,Caeleb Dressel,USA,United States of America,No,47.53,47.53,46.4,1.13,2.435,2024,27.8,Indianapolis,USA
M100,Men's 100m Freestyle,M,Men,100,120,Zhanle Pan,CHN,People's Republic of China,No,47.53,47.53,46.4,1.13,2.435,2024,19.5,Doha,QAT
M100,Men's 100m Freestyle,M,Men,100,121,Alessandro Miressi,ITA,Italy,No,47.53,47.53,46.4,1.13,2.435,2021,22.6,Budapest,HUN
M100,Men's 100m Freestyle,M,Men,100,122,Kliment Kolesnikov,RUS,Russian Federation,No,47.53,47.53,46.4,1.13,2.435,2021,20.9,Budapest,HUN
M100,Men's 100m Freestyle,M,Men,100,123,James Magnussen,AUS,Australia,Yes,47.53,47.53,46.4,1.13,2.435,2013,22.0,Adelaide,AUS
M100,Men's 100m Freestyle,M,Men,100,124,James Magnussen,AUS,Australia,Yes,47.53,47.53,46.4,1.13,2.435,2012,21.3,London,GBR
M100,Men's 100m Freestyle,M,Men,100,125,Stefan Nystrand,SWE,Sweden,No,47.53,47.53,46.4,1.13,2.435,2009,27.8,Rome,ITA
M100,Men's 100m Freestyle,M,Men,100,126,Chris Guiliano,USA,United States of America,No,47.54,47.54,46.4,1.14,2.457,2026,22.7,Westmont,USA
M100,Men's 100m Freestyle,M,Men,100,127,Guilherme Santos,BRA,Brazil,No,47.54,47.54,46.4,1.14,2.457,2025,22.5,Luque,PAR
M100,Men's 100m Freestyle,M,Men,100,128,Zhanle Pan,CHN,People's Republic of China,No,47.54,47.54,46.4,1.14,2.457,2024,19.7,Shenzhen,CHN
M100,Men's 100m Freestyle,M,Men,100,129,Alessandro Miressi,ITA,Italy,No,47.54,47.54,46.4,1.14,2.457,2023,24.8,Fukuoka,JPN
M100,Men's 100m Freestyle,M,Men,100,130,David Popovici,ROU,Romania,No,47.54,47.54,46.4,1.14,2.457,2022,17.8,Otopeni,ROU
M100,Men's 100m Freestyle,M,Men,100,131,Maxime Grousset,FRA,France,No,47.54,47.54,46.4,1.14,2.457,2022,23.2,Budapest,HUN
M100,Men's 100m Freestyle,M,Men,100,132,Egor Kornev,NAB,Neutral Athletes B,No,47.55,47.55,46.4,1.15,2.478,2025,21.2,Kazan,RUS
M100,Men's 100m Freestyle,M,Men,100,133,Josh Liendo,CAN,Canada,No,47.55,47.55,46.4,1.15,2.478,2024,21.7,Toronto,CAN
M100,Men's 100m Freestyle,M,Men,100,134,Josh Liendo,CAN,Canada,No,47.55,47.55,46.4,1.15,2.478,2022,19.8,Budapest,HUN
M100,Men's 100m Freestyle,M,Men,100,135,Sunwoo Hwang,KOR,Republic of Korea,No,47.56,47.56,46.4,1.16,2.5,2021,18.2,Tokyo,JPN
M100,Men's 100m Freestyle,M,Men,100,136,David Popovici,ROU,Romania,No,47.56,47.56,46.4,1.16,2.5,2021,16.8,Rome,ITA
M100,Men's 100m Freestyle,M,Men,100,137,Cameron Mcevoy,AUS,Australia,Yes,47.56,47.56,46.4,1.16,2.5,2016,21.7,Perth,AUS
M100,Men's 100m Freestyle,M,Men,100,138,Brent Hayden,CAN,Canada,No,47.56,47.56,46.4,1.16,2.5,2008,24.8,Beijing,CHN
M100,Men's 100m Freestyle,M,Men,100,139,Jack Alexy,USA,United States of America,No,47.57,47.57,46.4,1.17,2.522,2024,21.5,Paris,FRA
M100,Men's 100m Freestyle,M,Men,100,140,Andrei Minakov,RUS,Russian Federation,No,47.57,47.57,46.4,1.17,2.522,2020,18.6,Kazan,RUS
M100,Men's 100m Freestyle,M,Men,100,141,Patrick Sammon,USA,United States of America,No,47.58,47.58,46.4,1.18,2.543,2025,22.0,Singapore,SGP
M100,Men's 100m Freestyle,M,Men,100,142,Destin Lasco,USA,United States of America,No,47.58,47.58,46.4,1.18,2.543,2025,23.8,Indianapolis,USA
M100,Men's 100m Freestyle,M,Men,100,143,Kyle Chalmers,AUS,Australia,Yes,47.58,47.58,46.4,1.18,2.543,2024,26.1,Paris,FRA
M100,Men's 100m Freestyle,M,Men,100,144,David Popovici,ROU,Romania,No,47.58,47.58,46.4,1.18,2.543,2022,17.8,Budapest,HUN
M100,Men's 100m Freestyle,M,Men,100,145,Kyle Chalmers,AUS,Australia,Yes,47.58,47.58,46.4,1.18,2.543,2019,21.1,Gwangju,KOR
M100,Men's 100m Freestyle,M,Men,100,146,Kyle Chalmers,AUS,Australia,Yes,47.58,47.58,46.4,1.18,2.543,2016,18.1,Rio de Janeiro,BRA
M100,Men's 100m Freestyle,M,Men,100,147,Maxime Grousset,FRA,France,No,47.59,47.59,46.4,1.19,2.565,2025,26.3,Singapore,SGP
M100,Men's 100m Freestyle,M,Men,100,148,Matthew Richards,GBR,Great Britain,No,47.59,47.59,46.4,1.19,2.565,2025,22.6,Singapore,SGP
M100,Men's 100m Freestyle,M,Men,100,149,Hunter Armstrong,USA,United States of America,No,47.59,47.59,46.4,1.19,2.565,2024,23.4,Indianapolis,USA
M100,Men's 100m Freestyle,M,Men,100,150,Matthew Richards,GBR,Great Britain,No,47.59,47.59,46.4,1.19,2.565,2023,20.6,Fukuoka,JPN
M100,Men's 100m Freestyle,M,Men,100,151,Kyle Chalmers,AUS,Australia,Yes,47.59,47.59,46.4,1.19,2.565,2021,23.0,Adelaide,AUS
M100,Men's 100m Freestyle,M,Men,100,152,James Magnussen,AUS,Australia,Yes,47.59,47.59,46.4,1.19,2.565,2014,22.8,Perth,AUS
M100,Men's 100m Freestyle,M,Men,100,153,David Walters,USA,United States of America,No,47.59,47.59,46.4,1.19,2.565,2009,21.8,Rome,ITA
M100,Men's 100m Freestyle,M,Men,100,154,Egor Kornev,NAB,Neutral Athletes B,No,47.60,47.6,46.4,1.2,2.586,2025,21.4,Rome,ITA
M100,Men's 100m Freestyle,M,Men,100,155,Zhanle Pan,CHN,People's Republic of China,No,47.60,47.6,46.4,1.2,2.586,2023,19.4,Jinan,CHN
M100,Men's 100m Freestyle,M,Men,100,156,Alessandro Miressi,ITA,Italy,No,47.60,47.6,46.4,1.2,2.586,2022,23.9,Rome,ITA
M100,Men's 100m Freestyle,M,Men,100,157,David Popovici,ROU,Romania,No,47.60,47.6,46.4,1.2,2.586,2022,17.8,Budapest,HUN
M100,Men's 100m Freestyle,M,Men,100,158,Kliment Kolesnikov,RUS,Russian Federation,No,47.60,47.6,46.4,1.2,2.586,2021,20.7,Kazan,RUS
M100,Men's 100m Freestyle,M,Men,100,159,Cesar Cielo Filho,BRA,Brazil,No,47.60,47.6,46.4,1.2,2.586,2009,22.3,Rio de Janeiro,BRA
M100,Men's 100m Freestyle,M,Men,100,160,Alain Bernard,FRA,France,No,47.60,47.6,46.4,1.2,2.586,2008,24.9,Eindhoven,NED
M100,Men's 100m Freestyle,M,Men,100,161,Matthew Richards,GBR,Great Britain,No,47.61,47.61,46.4,1.21,2.608,2026,23.3,London,GBR
M100,Men's 100m Freestyle,M,Men,100,162,Nandor Nemeth,HUN,Hungary,No,47.61,47.61,46.4,1.21,2.608,2024,24.7,Paris,FRA
M100,Men's 100m Freestyle,M,Men,100,163,Alessandro Miressi,ITA,Italy,No,47.61,47.61,46.4,1.21,2.608,2023,25.2,Riccione,ITA
M100,Men's 100m Freestyle,M,Men,100,164,Zhanle Pan,CHN,People's Republic of China,No,47.61,47.61,46.4,1.21,2.608,2023,19.0,Fukuoka,JPN
M100,Men's 100m Freestyle,M,Men,100,165,David Popovici,ROU,Romania,No,47.61,47.61,46.4,1.21,2.608,2023,18.6,Otopeni,ROU
M100,Men's 100m Freestyle,M,Men,100,166,Maxime Rooney,USA,United States of America,No,47.61,47.61,46.4,1.21,2.608,2019,21.3,Palo Alto,USA
M100,Men's 100m Freestyle,M,Men,100,167,Patrick Sammon,USA,United States of America,No,47.62,47.62,46.4,1.22,2.629,2025,22.0,Singapore,SGP
M100,Men's 100m Freestyle,M,Men,100,168,Nandor Nemeth,HUN,Hungary,No,47.62,47.62,46.4,1.22,2.629,2023,23.7,Fukuoka,JPN
M100,Men's 100m Freestyle,M,Men,100,169,Maxime Grousset,FRA,France,No,47.62,47.62,46.4,1.22,2.629,2023,24.1,Rennes,FRA
M100,Men's 100m Freestyle,M,Men,100,170,Vladimir Morozov,RUS,Russian Federation,No,47.62,47.62,46.4,1.22,2.629,2013,21.1,Kazan,RUS
M100,Men's 100m Freestyle,M,Men,100,171,Chris Guiliano,USA,United States of America,No,47.63,47.63,46.4,1.23,2.651,2025,22.5,Austin,USA
M100,Men's 100m Freestyle,M,Men,100,172,Maxime Grousset,FRA,France,No,47.63,47.63,46.4,1.23,2.651,2024,25.3,Paris,FRA
M100,Men's 100m Freestyle,M,Men,100,173,Kyle Chalmers,AUS,Australia,Yes,47.63,47.63,46.4,1.23,2.651,2024,25.8,Gold Coast,AUS
M100,Men's 100m Freestyle,M,Men,100,174,Ryan Held,USA,United States of America,No,47.63,47.63,46.4,1.23,2.651,2023,28.0,Indianapolis,USA
M100,Men's 100m Freestyle,M,Men,100,175,Alessandro Miressi,ITA,Italy,No,47.63,47.63,46.4,1.23,2.651,2022,23.9,Rome,ITA
M100,Men's 100m Freestyle,M,Men,100,176,Lewis Edward Burras,GBR,Great Britain,No,47.63,47.63,46.4,1.23,2.651,2022,22.4,Budapest,HUN
M100,Men's 100m Freestyle,M,Men,100,177,Caeleb Dressel,USA,United States of America,No,47.63,47.63,46.4,1.23,2.651,2019,22.9,Gwangju,KOR
M100,Men's 100m Freestyle,M,Men,100,178,James Magnussen,AUS,Australia,Yes,47.63,47.63,46.4,1.23,2.651,2012,21.3,London,GBR
M100,Men's 100m Freestyle,M,Men,100,179,James Roberts,AUS,Australia,Yes,47.63,47.63,46.4,1.23,2.651,2012,20.9,Adelaide,AUS
M100,Men's 100m Freestyle,M,Men,100,180,James Magnussen,AUS,Australia,Yes,47.63,47.63,46.4,1.23,2.651,2011,20.3,Shanghai,CHN
M100,Men's 100m Freestyle,M,Men,100,181,Guilherme Santos,BRA,Brazil,No,47.64,47.64,46.4,1.24,2.672,2025,22.4,Singapore,SGP
M100,Men's 100m Freestyle,M,Men,100,182,Maxime Grousset,FRA,France,No,47.64,47.64,46.4,1.24,2.672,2022,23.2,Budapest,HUN
M100,Men's 100m Freestyle,M,Men,100,183,Chris Guiliano,USA,United States of America,No,47.65,47.65,46.4,1.25,2.694,2024,21.0,Indianapolis,USA
M100,Men's 100m Freestyle,M,Men,100,184,Maxime Grousset,FRA,France,No,47.65,47.65,46.4,1.25,2.694,2024,25.2,Chartres,FRA
M100,Men's 100m Freestyle,M,Men,100,185,Zhanle Pan,CHN,People's Republic of China,No,47.65,47.65,46.4,1.25,2.694,2022,17.9,Budapest,HUN
M100,Men's 100m Freestyle,M,Men,100,186,Vladislav Grinev,RUS,Russian Federation,No,47.65,47.65,46.4,1.25,2.694,2019,22.7,Moscow,RUS
M100,Men's 100m Freestyle,M,Men,100,187,Mehdy Metella,FRA,France,No,47.65,47.65,46.4,1.25,2.694,2017,25.0,Budapest,HUN
M100,Men's 100m Freestyle,M,Men,100,188,Zetao Ning,CHN,People's Republic of China,No,47.65,47.65,46.4,1.25,2.694,2014,21.6,Huangshan,CHN
M100,Men's 100m Freestyle,M,Men,100,189,Cameron Mcevoy,AUS,Australia,Yes,47.65,47.65,46.4,1.25,2.694,2014,19.9,Brisbane,AUS
M100,Men's 100m Freestyle,M,Men,100,190,Egor Kornev,NAB,Neutral Athletes B,No,47.66,47.66,46.4,1.26,2.716,2026,22.2,St. Petersburg,RUS
M100,Men's 100m Freestyle,M,Men,100,191,Jack Alexy,USA,United States of America,No,47.66,47.66,46.4,1.26,2.716,2025,22.9,Austin,USA
M100,Men's 100m Freestyle,M,Men,100,192,David Popovici,ROU,Romania,No,47.66,47.66,46.4,1.26,2.716,2024,19.9,Paris,FRA
M100,Men's 100m Freestyle,M,Men,100,193,Andrej Barna,SRB,Serbia,No,47.66,47.66,46.4,1.26,2.716,2024,26.3,Belgrade,SRB
M100,Men's 100m Freestyle,M,Men,100,194,David Popovici,ROU,Romania,No,47.66,47.66,46.4,1.26,2.716,2023,18.9,Fukuoka,JPN
M100,Men's 100m Freestyle,M,Men,100,195,Caeleb Dressel,USA,United States of America,No,47.66,47.66,46.4,1.26,2.716,2017,20.9,Budapest,HUN
M100,Men's 100m Freestyle,M,Men,100,196,Stefan Nystrand,SWE,Sweden,No,47.66,47.66,46.4,1.26,2.716,2009,27.8,Rome,ITA
M100,Men's 100m Freestyle,M,Men,100,197,Jack Alexy,USA,United States of America,No,47.67,47.67,46.4,1.27,2.737,2024,21.5,Paris,FRA
M100,Men's 100m Freestyle,M,Men,100,198,Zhanle Pan,CHN,People's Republic of China,No,47.67,47.67,46.4,1.27,2.737,2023,19.0,Fukuoka,JPN
M100,Men's 100m Freestyle,M,Men,100,199,Caeleb Dressel,USA,United States of America,No,47.67,47.67,46.4,1.27,2.737,2022,25.8,Budapest,HUN
M100,Men's 100m Freestyle,M,Men,100,200,James Magnussen,AUS,Australia,Yes,47.67,47.67,46.4,1.27,2.737,2013,22.2,Vichy,FRA
M200,Men's 200m Freestyle,M,Men,200,1,Paul Biedermann,GER,Germany,No,01:42.00,102.0,102.0,0.0,0.0,2009,23.0,Rome,ITA
M200,Men's 200m Freestyle,M,Men,200,2,Paul Biedermann,GER,Germany,No,01:42.81,102.81,102.0,0.81,0.794,2009,23.0,Rome,ITA
M200,Men's 200m Freestyle,M,Men,200,3,Michael Phelps,USA,United States of America,No,01:42.96,102.96,102.0,0.96,0.941,2008,23.1,Beijing,CHN
M200,Men's 200m Freestyle,M,Men,200,4,David Popovici,ROU,Romania,No,01:42.97,102.97,102.0,0.97,0.951,2022,17.9,Rome,ITA
M200,Men's 200m Freestyle,M,Men,200,5,David Popovici,ROU,Romania,No,01:43.13,103.13,102.0,1.13,1.108,2024,19.8,Belgrade,SRB
M200,Men's 200m Freestyle,M,Men,200,6,Yannick Agnel,FRA,France,No,01:43.14,103.14,102.0,1.14,1.118,2012,20.1,London,GBR
M200,Men's 200m Freestyle,M,Men,200,7,David Popovici,ROU,Romania,No,01:43.21,103.21,102.0,1.21,1.186,2022,17.8,Budapest,HUN
M200,Men's 200m Freestyle,M,Men,200,8,Michael Phelps,USA,United States of America,No,01:43.22,103.22,102.0,1.22,1.196,2009,24.1,Rome,ITA
M200,Men's 200m Freestyle,M,Men,200,9,Michael Phelps,USA,United States of America,No,01:43.31,103.31,102.0,1.31,1.284,2008,23.1,Beijing,CHN
M200,Men's 200m Freestyle,M,Men,200,10,David Popovici,ROU,Romania,No,01:43.53,103.53,102.0,1.53,1.5,2025,20.9,Singapore,SGP
M200,Men's 200m Freestyle,M,Men,200,11,David Popovici,ROU,Romania,No,01:43.64,103.64,102.0,1.64,1.608,2025,20.8,Samorin,SVK
M200,Men's 200m Freestyle,M,Men,200,12,Paul Biedermann,GER,Germany,No,01:43.65,103.65,102.0,1.65,1.618,2009,23.0,Rome,ITA
M200,Men's 200m Freestyle,M,Men,200,13,Luke Hobson,USA,United States of America,No,01:43.73,103.73,102.0,1.73,1.696,2025,21.9,Indianapolis,USA
M200,Men's 200m Freestyle,M,Men,200,14,Luke Hobson,USA,United States of America,No,01:43.84,103.84,102.0,1.84,1.804,2025,22.1,Singapore,SGP
M200,Men's 200m Freestyle,M,Men,200,15,Michael Phelps,USA,United States of America,No,01:43.86,103.86,102.0,1.86,1.824,2007,21.7,Melbourne,AUS
M200,Men's 200m Freestyle,M,Men,200,16,Danila Izotov,RUS,Russian Federation,No,01:43.90,103.9,102.0,1.9,1.863,2009,17.8,Rome,ITA
M200,Men's 200m Freestyle,M,Men,200,17,Paul Biedermann,GER,Germany,No,01:44.02,104.02,102.0,2.02,1.98,2009,23.0,Rome,ITA
M200,Men's 200m Freestyle,M,Men,200,18,Ian Thorpe,AUS,Australia,Yes,01:44.06,104.06,102.0,2.06,2.02,2001,18.8,Fukuoka,JPN
M200,Men's 200m Freestyle,M,Men,200,19,Lukas Maertens,GER,Germany,No,01:44.14,104.14,102.0,2.14,2.098,2024,22.3,Berlin,GER
M200,Men's 200m Freestyle,M,Men,200,20,Yannick Agnel,FRA,France,No,01:44.20,104.2,102.0,2.2,2.157,2013,21.1,Barcelona,ESP
M200,Men's 200m Freestyle,M,Men,200,21,Tom Dean,GBR,Great Britain,No,01:44.22,104.22,102.0,2.22,2.176,2021,21.2,Tokyo,JPN
M200,Men's 200m Freestyle,M,Men,200,22,Lukas Maertens,GER,Germany,No,01:44.25,104.25,102.0,2.25,2.206,2025,23.3,Berlin,GER
M200,Men's 200m Freestyle,M,Men,200,23,Duncan Scott,GBR,Great Britain,No,01:44.26,104.26,102.0,2.26,2.216,2021,24.2,Tokyo,JPN
M200,Men's 200m Freestyle,M,Men,200,24,Matthew Richards,GBR,Great Britain,No,01:44.30,104.3,102.0,2.3,2.255,2023,20.6,Fukuoka,JPN
M200,Men's 200m Freestyle,M,Men,200,25,Tom Dean,GBR,Great Britain,No,01:44.32,104.32,102.0,2.32,2.275,2023,23.2,Fukuoka,JPN
M200,Men's 200m Freestyle,M,Men,200,26,Danas Rapsys,LTU,Lithuania,No,01:44.38,104.38,102.0,2.38,2.333,2019,24.2,Singapore,SGP
M200,Men's 200m Freestyle,M,Men,200,27,Yang Sun,CHN,People's Republic of China,No,01:44.39,104.39,102.0,2.39,2.343,2017,25.6,Budapest,HUN
M200,Men's 200m Freestyle,M,Men,200,28,Sunwoo Hwang,KOR,Republic of Korea,No,01:44.40,104.4,102.0,2.4,2.353,2023,20.4,Hangzhou,CHN
M200,Men's 200m Freestyle,M,Men,200,29,David Popovici,ROU,Romania,No,01:44.40,104.4,102.0,2.4,2.353,2022,17.8,Budapest,HUN
M200,Men's 200m Freestyle,M,Men,200,30,Sunwoo Hwang,KOR,Republic of Korea,No,01:44.42,104.42,102.0,2.42,2.373,2023,20.2,Fukuoka,JPN
M200,Men's 200m Freestyle,M,Men,200,31,Yannick Agnel,FRA,France,No,01:44.42,104.42,102.0,2.42,2.373,2012,19.8,Dunkerke,FRA
M200,Men's 200m Freestyle,M,Men,200,32,Ryan Lochte,USA,United States of America,No,01:44.44,104.44,102.0,2.44,2.392,2011,27.0,Shanghai,CHN
M200,Men's 200m Freestyle,M,Men,200,33,Franklin M Mieses Gomez,CLB,Club,No,01:44.47,104.47,102.0,2.47,2.422,2026,15.6,Santo Domingo,DOM
M200,Men's 200m Freestyle,M,Men,200,34,Sunwoo Hwang,KOR,Republic of Korea,No,01:44.47,104.47,102.0,2.47,2.422,2022,19.1,Budapest,HUN
M200,Men's 200m Freestyle,M,Men,200,35,Duncan Scott,GBR,Great Britain,No,01:44.47,104.47,102.0,2.47,2.422,2021,24.0,London,GBR
M200,Men's 200m Freestyle,M,Men,200,36,Yang Sun,CHN,People's Republic of China,No,01:44.47,104.47,102.0,2.47,2.422,2013,21.8,Shenyang ,CHN
M200,Men's 200m Freestyle,M,Men,200,37,Luke Hobson,USA,United States of America,No,01:44.49,104.49,102.0,2.49,2.441,2025,22.4,Austin,USA
M200,Men's 200m Freestyle,M,Men,200,38,Michael Phelps,USA,United States of America,No,01:44.49,104.49,102.0,2.49,2.441,2009,24.1,Rome,ITA
M200,Men's 200m Freestyle,M,Men,200,39,Zhanshuo Zhang,CHN,People's Republic of China,No,01:44.53,104.53,102.0,2.53,2.48,2026,18.8,Shenzhen,CHN
M200,Men's 200m Freestyle,M,Men,200,40,David Popovici,ROU,Romania,No,01:44.53,104.53,102.0,2.53,2.48,2024,19.9,Paris,FRA
M200,Men's 200m Freestyle,M,Men,200,41,Tatsuya Murasa,JPN,Japan,No,01:44.54,104.54,102.0,2.54,2.49,2025,18.3,Singapore,SGP
M200,Men's 200m Freestyle,M,Men,200,42,Tom Dean,GBR,Great Britain,No,01:44.58,104.58,102.0,2.58,2.529,2021,21.0,London,GBR
M200,Men's 200m Freestyle,M,Men,200,43,Duncan Scott,GBR,Great Britain,No,01:44.60,104.6,102.0,2.6,2.549,2021,24.2,Tokyo,JPN
M200,Men's 200m Freestyle,M,Men,200,44,Sunwoo Hwang,KOR,Republic of Korea,No,01:44.62,104.62,102.0,2.62,2.569,2021,18.2,Tokyo,JPN
M200,Men's 200m Freestyle,M,Men,200,45,Yang Sun,CHN,People's Republic of China,No,01:44.63,104.63,102.0,2.63,2.578,2016,24.7,Rio de Janeiro,BRA
M200,Men's 200m Freestyle,M,Men,200,46,Zhanle Pan,CHN,People's Republic of China,No,01:44.65,104.65,102.0,2.65,2.598,2023,18.7,Hangzhou,CHN
M200,Men's 200m Freestyle,M,Men,200,47,Katsuhiro Matsumoto,JPN,Japan,No,01:44.65,104.65,102.0,2.65,2.598,2021,24.1,Tokyo,JPN
M200,Men's 200m Freestyle,M,Men,200,48,Yang Sun,CHN,People's Republic of China,No,01:44.65,104.65,102.0,2.65,2.598,2016,24.7,Rio de Janeiro,BRA
M200,Men's 200m Freestyle,M,Men,200,49,Fernando Scheffer,BRA,Brazil,No,01:44.66,104.66,102.0,2.66,2.608,2021,23.3,Tokyo,JPN
M200,Men's 200m Freestyle,M,Men,200,50,David Popovici,ROU,Romania,No,01:44.68,104.68,102.0,2.68,2.627,2021,16.9,Tokyo,JPN
M200,Men's 200m Freestyle,M,Men,200,51,Matthew Richards,GBR,Great Britain,No,01:44.69,104.69,102.0,2.69,2.637,2024,21.3,London,GBR
M200,Men's 200m Freestyle,M,Men,200,52,Ian Thorpe,AUS,Australia,Yes,01:44.69,104.69,102.0,2.69,2.637,2001,18.5,Hobart,AUS
M200,Men's 200m Freestyle,M,Men,200,53,Gabriel Jett,USA,United States of America,No,01:44.70,104.7,102.0,2.7,2.647,2025,22.6,Indianapolis,USA
M200,Men's 200m Freestyle,M,Men,200,54,David Popovici,ROU,Romania,No,01:44.70,104.7,102.0,2.7,2.647,2023,18.9,Fukuoka,JPN
M200,Men's 200m Freestyle,M,Men,200,55,Ian Thorpe,AUS,Australia,Yes,01:44.71,104.71,102.0,2.71,2.657,2004,21.8,Athens,GRE
M200,Men's 200m Freestyle,M,Men,200,56,Ian Thorpe,AUS,Australia,Yes,01:44.71,104.71,102.0,2.71,2.657,2002,19.8,Manchester,GBR
M200,Men's 200m Freestyle,M,Men,200,57,Sunwoo Hwang,KOR,Republic of Korea,No,01:44.72,104.72,102.0,2.72,2.667,2025,22.2,Singapore,SGP
M200,Men's 200m Freestyle,M,Men,200,58,David Popovici,ROU,Romania,No,01:44.72,104.72,102.0,2.72,2.667,2024,19.9,Paris,FRA
M200,Men's 200m Freestyle,M,Men,200,59,Matthew Richards,GBR,Great Britain,No,01:44.74,104.74,102.0,2.74,2.686,2024,21.6,Paris,FRA
M200,Men's 200m Freestyle,M,Men,200,60,David Popovici,ROU,Romania,No,01:44.74,104.74,102.0,2.74,2.686,2024,19.7,Barcelona,ESP
M200,Men's 200m Freestyle,M,Men,200,61,Kieran Smith,USA,United States of America,No,01:44.74,104.74,102.0,2.74,2.686,2021,21.2,Tokyo,JPN
M200,Men's 200m Freestyle,M,Men,200,62,Duncan Scott,GBR,Great Britain,No,01:44.75,104.75,102.0,2.75,2.696,2024,26.9,London,GBR
M200,Men's 200m Freestyle,M,Men,200,63,Sunwoo Hwang,KOR,Republic of Korea,No,01:44.75,104.75,102.0,2.75,2.696,2024,20.7,Doha,QAT
M200,Men's 200m Freestyle,M,Men,200,64,Ian Thorpe,AUS,Australia,Yes,01:44.75,104.75,102.0,2.75,2.696,2002,19.9,Yokohama,JPN
M200,Men's 200m Freestyle,M,Men,200,65,Matthew Richards,GBR,Great Britain,No,01:44.77,104.77,102.0,2.77,2.716,2026,23.3,London,GBR
M200,Men's 200m Freestyle,M,Men,200,66,Luke Hobson,USA,United States of America,No,01:44.78,104.78,102.0,2.78,2.725,2025,21.9,Indianapolis,USA
M200,Men's 200m Freestyle,M,Men,200,67,Luke Hobson,USA,United States of America,No,01:44.79,104.79,102.0,2.79,2.735,2024,21.1,Paris,FRA
M200,Men's 200m Freestyle,M,Men,200,68,Maximillian Giuliani,AUS,Australia,Yes,01:44.79,104.79,102.0,2.79,2.735,2023,20.4,Brisbane,AUS
M200,Men's 200m Freestyle,M,Men,200,69,Lukas Maertens,GER,Germany,No,01:44.79,104.79,102.0,2.79,2.735,2023,21.6,Fukuoka,JPN
M200,Men's 200m Freestyle,M,Men,200,70,Martin Malyutin,RUS,Russian Federation,No,01:44.79,104.79,102.0,2.79,2.735,2021,21.9,Budapest,HUN
M200,Men's 200m Freestyle,M,Men,200,71,Michael Phelps,USA,United States of America,No,01:44.79,104.79,102.0,2.79,2.735,2011,26.1,Shanghai,CHN
M200,Men's 200m Freestyle,M,Men,200,72,Luke Hobson,USA,United States of America,No,01:44.80,104.8,102.0,2.8,2.745,2025,22.1,Singapore,SGP
M200,Men's 200m Freestyle,M,Men,200,73,Taehwan Park,KOR,Republic of Korea,No,01:44.80,104.8,102.0,2.8,2.745,2010,21.1,Guangzhou,CHN
M200,Men's 200m Freestyle,M,Men,200,74,Yang Sun,CHN,People's Republic of China,No,01:44.82,104.82,102.0,2.82,2.765,2016,24.5,Santa Clara,USA
M200,Men's 200m Freestyle,M,Men,200,75,Matthew Richards,GBR,Great Britain,No,01:44.83,104.83,102.0,2.83,2.775,2023,20.3,Sheffield,GBR
M200,Men's 200m Freestyle,M,Men,200,76,Sunwoo Hwang,KOR,Republic of Korea,No,01:44.84,104.84,102.0,2.84,2.784,2025,22.2,Singapore,SGP
M200,Men's 200m Freestyle,M,Men,200,77,Taehwan Park,KOR,Republic of Korea,No,01:44.85,104.85,102.0,2.85,2.794,2008,18.9,Beijing,CHN
M200,Men's 200m Freestyle,M,Men,200,78,Zhanshuo Zhang,CHN,People's Republic of China,No,01:44.86,104.86,102.0,2.86,2.804,2025,18.5,Shenzhen,CHN
M200,Men's 200m Freestyle,M,Men,200,79,Duncan Scott,GBR,Great Britain,No,01:44.87,104.87,102.0,2.87,2.814,2024,27.2,Paris,FRA
M200,Men's 200m Freestyle,M,Men,200,80,Luke Hobson,USA,United States of America,No,01:44.87,104.87,102.0,2.87,2.814,2023,20.1,Fukuoka,JPN
M200,Men's 200m Freestyle,M,Men,200,81,Danila Izotov,RUS,Russian Federation,No,01:44.87,104.87,102.0,2.87,2.814,2013,21.8,Kazan,RUS
M200,Men's 200m Freestyle,M,Men,200,82,Paul Biedermann,GER,Germany,No,01:44.88,104.88,102.0,2.88,2.824,2011,25.0,Shanghai,CHN
M200,Men's 200m Freestyle,M,Men,200,83,Luke Hobson,USA,United States of America,No,01:44.89,104.89,102.0,2.89,2.833,2024,21.0,Indianapolis,USA
M200,Men's 200m Freestyle,M,Men,200,84,Lukas Maertens,GER,Germany,No,01:44.89,104.89,102.0,2.89,2.833,2024,22.3,Berlin,GER
M200,Men's 200m Freestyle,M,Men,200,85,Pieter Van Den Hoogenband,NED,Netherlands,No,01:44.89,104.89,102.0,2.89,2.833,2002,24.4,Berlin,GER
M200,Men's 200m Freestyle,M,Men,200,86,Sunwoo Hwang,KOR,Republic of Korea,No,01:44.90,104.9,102.0,2.9,2.843,2024,20.8,Gimcheon,KOR
M200,Men's 200m Freestyle,M,Men,200,87,David Popovici,ROU,Romania,No,01:44.90,104.9,102.0,2.9,2.843,2023,18.9,Fukuoka,JPN
M200,Men's 200m Freestyle,M,Men,200,88,Clyde Lewis,AUS,Australia,Yes,01:44.90,104.9,102.0,2.9,2.843,2019,21.8,Gwangju,KOR
M200,Men's 200m Freestyle,M,Men,200,89,David Popovici,ROU,Romania,No,01:44.91,104.91,102.0,2.91,2.853,2022,17.9,Rome,ITA
M200,Men's 200m Freestyle,M,Men,200,90,Duncan Scott,GBR,Great Britain,No,01:44.91,104.91,102.0,2.91,2.853,2019,22.2,Gwangju,KOR
M200,Men's 200m Freestyle,M,Men,200,91,Yang Sun,CHN,People's Republic of China,No,01:44.91,104.91,102.0,2.91,2.853,2017,25.4,Qingdae,CHN
M200,Men's 200m Freestyle,M,Men,200,92,Taehwan Park,KOR,Republic of Korea,No,01:44.92,104.92,102.0,2.92,2.863,2011,21.8,Shanghai,CHN
M200,Men's 200m Freestyle,M,Men,200,93,Edward Sommerville,AUS,Australia,Yes,01:44.93,104.93,102.0,2.93,2.873,2025,20.2,Adelaide,AUS
M200,Men's 200m Freestyle,M,Men,200,94,Tom Dean,GBR,Great Britain,No,01:44.93,104.93,102.0,2.93,2.873,2023,22.9,Sheffield,GBR
M200,Men's 200m Freestyle,M,Men,200,95,Yang Sun,CHN,People's Republic of China,No,01:44.93,104.93,102.0,2.93,2.873,2019,27.6,Gwangju,KOR
M200,Men's 200m Freestyle,M,Men,200,96,Taehwan Park,KOR,Republic of Korea,No,01:44.93,104.93,102.0,2.93,2.873,2012,22.8,London,GBR
M200,Men's 200m Freestyle,M,Men,200,97,Yang Sun,CHN,People's Republic of China,No,01:44.93,104.93,102.0,2.93,2.873,2012,20.7,London,GBR
M200,Men's 200m Freestyle,M,Men,200,98,Duncan Scott,GBR,Great Britain,No,01:44.94,104.94,102.0,2.94,2.882,2024,27.2,Paris,FRA
M200,Men's 200m Freestyle,M,Men,200,99,Richard Berens,USA,United States of America,No,01:44.95,104.95,102.0,2.95,2.892,2009,21.3,Rome,ITA
M200,Men's 200m Freestyle,M,Men,200,100,Danas Rapsys,LTU,Lithuania,No,01:44.96,104.96,102.0,2.96,2.902,2024,28.7,Doha,QAT
M200,Men's 200m Freestyle,M,Men,200,101,Sunwoo Hwang,KOR,Republic of Korea,No,01:44.96,104.96,102.0,2.96,2.902,2021,18.0,Jeju,KOR
M200,Men's 200m Freestyle,M,Men,200,102,Katsuhiro Matsumoto,JPN,Japan,No,01:44.98,104.98,102.0,2.98,2.922,2023,26.1,Tokyo,JPN
M200,Men's 200m Freestyle,M,Men,200,103,Tom Dean,GBR,Great Britain,No,01:44.98,104.98,102.0,2.98,2.922,2022,22.1,Budapest,HUN
M200,Men's 200m Freestyle,M,Men,200,104,Yannick Agnel,FRA,France,No,01:44.99,104.99,102.0,2.99,2.931,2011,19.1,Shanghai,CHN
M200,Men's 200m Freestyle,M,Men,200,105,Yang Sun,CHN,People's Republic of China,No,01:44.99,104.99,102.0,2.99,2.931,2011,19.3,Wuhan,CHN
M200,Men's 200m Freestyle,M,Men,200,106,Kamil Sieradzki,POL,Poland,No,01:45.00,105.0,102.0,3.0,2.941,2025,23.5,Singapore,SGP
M200,Men's 200m Freestyle,M,Men,200,107,Drew Kibler,USA,United States of America,No,01:45.01,105.01,102.0,3.01,2.951,2022,22.3,Budapest,HUN
M200,Men's 200m Freestyle,M,Men,200,108,Martin Malyutin,ROC,ROC,No,01:45.01,105.01,102.0,3.01,2.951,2021,22.1,Tokyo,JPN
M200,Men's 200m Freestyle,M,Men,200,109,David Popovici,ROU,Romania,No,01:45.02,105.02,102.0,3.02,2.961,2025,20.9,Singapore,SGP
M200,Men's 200m Freestyle,M,Men,200,110,Duncan Scott,GBR,Great Britain,No,01:45.02,105.02,102.0,3.02,2.961,2022,25.2,Birmingham,GBR
M200,Men's 200m Freestyle,M,Men,200,111,Townley Haas,USA,United States of America,No,01:45.03,105.03,102.0,3.03,2.971,2017,20.5,Indianapolis,USA
M200,Men's 200m Freestyle,M,Men,200,112,James Guy,GBR,Great Britain,No,01:45.04,105.04,102.0,3.04,2.98,2024,28.7,Paris,FRA
M200,Men's 200m Freestyle,M,Men,200,113,Townley Haas,USA,United States of America,No,01:45.04,105.04,102.0,3.04,2.98,2017,20.6,Budapest,HUN
M200,Men's 200m Freestyle,M,Men,200,114,Ryan Lochte,USA,United States of America,No,01:45.04,105.04,102.0,3.04,2.98,2012,28.0,London,GBR
M200,Men's 200m Freestyle,M,Men,200,115,Danas Rapsys,LTU,Lithuania,No,01:45.05,105.05,102.0,3.05,2.99,2024,28.7,Doha,QAT
M200,Men's 200m Freestyle,M,Men,200,116,Fernando Scheffer,BRA,Brazil,No,01:45.05,105.05,102.0,3.05,2.99,2021,23.3,Tokyo,JPN
M200,Men's 200m Freestyle,M,Men,200,117,David Popovici,ROU,Romania,No,01:45.07,105.07,102.0,3.07,3.01,2025,20.6,Otopeni,ROU
M200,Men's 200m Freestyle,M,Men,200,118,Sunwoo Hwang,KOR,Republic of Korea,No,01:45.07,105.07,102.0,3.07,3.01,2023,20.2,Fukuoka,JPN
M200,Men's 200m Freestyle,M,Men,200,119,Kieran Smith,USA,United States of America,No,01:45.07,105.07,102.0,3.07,3.01,2021,21.2,Tokyo,JPN
M200,Men's 200m Freestyle,M,Men,200,120,Danas Rapsys,LTU,Lithuania,No,01:45.07,105.07,102.0,3.07,3.01,2019,24.2,Jinan,CHN
M200,Men's 200m Freestyle,M,Men,200,121,Duncan Scott,GBR,Great Britain,No,01:45.08,105.08,102.0,3.08,3.02,2025,28.0,London,GBR
M200,Men's 200m Freestyle,M,Men,200,122,James Guy,GBR,Great Britain,No,01:45.08,105.08,102.0,3.08,3.02,2025,29.4,London,GBR
M200,Men's 200m Freestyle,M,Men,200,123,Thomas Fraser-holmes,AUS,Australia,Yes,01:45.08,105.08,102.0,3.08,3.02,2014,22.8,Glasgow,GBR
M200,Men's 200m Freestyle,M,Men,200,124,James Guy,GBR,Great Britain,No,01:45.09,105.09,102.0,3.09,3.029,2024,28.7,Paris,FRA
M200,Men's 200m Freestyle,M,Men,200,125,Tom Dean,GBR,Great Britain,No,01:45.09,105.09,102.0,3.09,3.029,2024,23.9,London,GBR
M200,Men's 200m Freestyle,M,Men,200,126,Luke Hobson,USA,United States of America,No,01:45.09,105.09,102.0,3.09,3.029,2023,20.1,Fukuoka,JPN
M200,Men's 200m Freestyle,M,Men,200,127,Danila Izotov,RUS,Russian Federation,No,01:45.09,105.09,102.0,3.09,3.029,2009,17.8,Rome,ITA
M200,Men's 200m Freestyle,M,Men,200,128,David Popovici,ROU,Romania,No,01:45.10,105.1,102.0,3.1,3.039,2024,19.6,Otopeni,ROU
M200,Men's 200m Freestyle,M,Men,200,129,Nikita Lobintsev,RUS,Russian Federation,No,01:45.10,105.1,102.0,3.1,3.039,2009,20.7,Rome,ITA
M200,Men's 200m Freestyle,M,Men,200,130,Felix Auboeck,AUT,Austria,No,01:45.11,105.11,102.0,3.11,3.049,2022,25.5,Budapest,HUN
M200,Men's 200m Freestyle,M,Men,200,131,Luke Hobson,USA,United States of America,No,01:45.12,105.12,102.0,3.12,3.059,2023,20.0,Indianapolis,USA
M200,Men's 200m Freestyle,M,Men,200,132,Kieran Smith,USA,United States of America,No,01:45.12,105.12,102.0,3.12,3.059,2021,21.2,Tokyo,JPN
M200,Men's 200m Freestyle,M,Men,200,133,Danas Rapsys,LTU,Lithuania,No,01:45.12,105.12,102.0,3.12,3.059,2018,22.9,Stockholm,SWE
M200,Men's 200m Freestyle,M,Men,200,134,Rex Michael Maurer,USA,United States of America,No,01:45.13,105.13,102.0,3.13,3.069,2025,20.8,Indianapolis,USA
M200,Men's 200m Freestyle,M,Men,200,135,Katsuhiro Matsumoto,JPN,Japan,No,01:45.13,105.13,102.0,3.13,3.069,2021,23.9,Tokyo,JPN
M200,Men's 200m Freestyle,M,Men,200,136,James Guy,GBR,Great Britain,No,01:45.14,105.14,102.0,3.14,3.078,2015,19.7,Kazan,RUS
M200,Men's 200m Freestyle,M,Men,200,137,Danila Izotov,RUS,Russian Federation,No,01:45.14,105.14,102.0,3.14,3.078,2013,21.8,Barcelona,ESP
M200,Men's 200m Freestyle,M,Men,200,138,Peter Vanderkaay,USA,United States of America,No,01:45.14,105.14,102.0,3.14,3.078,2008,24.5,Beijing,CHN
M200,Men's 200m Freestyle,M,Men,200,139,Ian Thorpe,AUS,Australia,Yes,01:45.14,105.14,102.0,3.14,3.078,2003,20.8,Barcelona,ESP
M200,Men's 200m Freestyle,M,Men,200,140,Tatsuya Murasa,JPN,Japan,No,01:45.15,105.15,102.0,3.15,3.088,2026,19.0,Tokyo,JPN
M200,Men's 200m Freestyle,M,Men,200,141,Carlos D'ambrosio,ITA,Italy,No,01:45.15,105.15,102.0,3.15,3.088,2025,18.5,Otopeni,ROU
M200,Men's 200m Freestyle,M,Men,200,142,Sunwoo Hwang,KOR,Republic of Korea,No,01:45.15,105.15,102.0,3.15,3.088,2024,20.7,Doha,QAT
M200,Men's 200m Freestyle,M,Men,200,143,Martin Malyutin,RUS,Russian Federation,No,01:45.15,105.15,102.0,3.15,3.088,2021,21.9,Budapest,HUN
M200,Men's 200m Freestyle,M,Men,200,144,Yang Sun,CHN,People's Republic of China,No,01:45.15,105.15,102.0,3.15,3.088,2017,25.8,Tianjin,CHN
M200,Men's 200m Freestyle,M,Men,200,145,Ryan Lochte,USA,United States of America,No,01:45.15,105.15,102.0,3.15,3.088,2012,28.0,London,GBR
M200,Men's 200m Freestyle,M,Men,200,146,Kieran Smith,USA,United States of America,No,01:45.16,105.16,102.0,3.16,3.098,2022,22.1,Budapest,HUN
M200,Men's 200m Freestyle,M,Men,200,147,Duncan Scott,GBR,Great Britain,No,01:45.16,105.16,102.0,3.16,3.098,2017,20.2,Budapest,HUN
M200,Men's 200m Freestyle,M,Men,200,148,Taehwan Park,KOR,Republic of Korea,No,01:45.16,105.16,102.0,3.16,3.098,2016,27.1,Tokyo,JPN
M200,Men's 200m Freestyle,M,Men,200,149,Felix Auboeck,AUT,Austria,No,01:45.17,105.17,102.0,3.17,3.108,2022,25.5,Budapest,HUN
M200,Men's 200m Freestyle,M,Men,200,150,Luke Hobson,USA,United States of America,No,01:45.18,105.18,102.0,3.18,3.118,2023,20.0,Indianapolis,USA
M200,Men's 200m Freestyle,M,Men,200,151,David Popovici,ROU,Romania,No,01:45.18,105.18,102.0,3.18,3.118,2022,17.8,Budapest,HUN
M200,Men's 200m Freestyle,M,Men,200,152,Martin Malyutin,RUS,Russian Federation,No,01:45.18,105.18,102.0,3.18,3.118,2021,21.8,Kazan,RUS
M200,Men's 200m Freestyle,M,Men,200,153,James Guy,GBR,Great Britain,No,01:45.18,105.18,102.0,3.18,3.118,2017,21.7,Budapest,HUN
M200,Men's 200m Freestyle,M,Men,200,154,Luke Hobson,USA,United States of America,No,01:45.19,105.19,102.0,3.19,3.127,2024,21.1,Paris,FRA
M200,Men's 200m Freestyle,M,Men,200,155,Duncan Scott,GBR,Great Britain,No,01:45.19,105.19,102.0,3.19,3.127,2021,24.0,Budapest,HUN
M200,Men's 200m Freestyle,M,Men,200,156,James Guy,GBR,Great Britain,No,01:45.19,105.19,102.0,3.19,3.127,2016,20.4,Glasgow,GBR
M200,Men's 200m Freestyle,M,Men,200,157,Chad Le Clos,RSA,South Africa,No,01:45.20,105.2,102.0,3.2,3.137,2016,24.3,Rio de Janeiro,BRA
M200,Men's 200m Freestyle,M,Men,200,158,Yang Sun,CHN,People's Republic of China,No,01:45.20,105.2,102.0,3.2,3.137,2015,23.7,Kazan,RUS
M200,Men's 200m Freestyle,M,Men,200,159,Paul Biedermann,GER,Germany,No,01:45.20,105.2,102.0,3.2,3.137,2011,25.0,Shanghai,CHN
M200,Men's 200m Freestyle,M,Men,200,160,Michael Phelps,USA,United States of America,No,01:45.20,105.2,102.0,3.2,3.137,2005,20.1,Montreal,CAN
M200,Men's 200m Freestyle,M,Men,200,161,Lukas Maertens,GER,Germany,No,01:45.21,105.21,102.0,3.21,3.147,2024,22.1,Doha,QAT
M200,Men's 200m Freestyle,M,Men,200,162,Lukas Maertens,GER,Germany,No,01:45.22,105.22,102.0,3.22,3.157,2026,24.2,Shenzhen,CHN
M200,Men's 200m Freestyle,M,Men,200,163,Kamil Sieradzki,POL,Poland,No,01:45.22,105.22,102.0,3.22,3.157,2025,23.5,Singapore,SGP
M200,Men's 200m Freestyle,M,Men,200,164,Henry Mc Fadden,USA,United States of America,No,01:45.22,105.22,102.0,3.22,3.157,2025,19.8,Indianapolis,USA
M200,Men's 200m Freestyle,M,Men,200,165,Alexander Graham,AUS,Australia,Yes,01:45.22,105.22,102.0,3.22,3.157,2021,26.1,Adelaide,AUS
M200,Men's 200m Freestyle,M,Men,200,166,Katsuhiro Matsumoto,JPN,Japan,No,01:45.22,105.22,102.0,3.22,3.157,2019,22.4,Gwangju,KOR
M200,Men's 200m Freestyle,M,Men,200,167,Carlos D'ambrosio,ITA,Italy,No,01:45.23,105.23,102.0,3.23,3.167,2025,18.5,Singapore,SGP
M200,Men's 200m Freestyle,M,Men,200,168,Aleksandr Krasnykh,RUS,Russian Federation,No,01:45.23,105.23,102.0,3.23,3.167,2017,22.1,Budapest,HUN
M200,Men's 200m Freestyle,M,Men,200,169,Conor Dwyer,USA,United States of America,No,01:45.23,105.23,102.0,3.23,3.167,2016,27.6,Rio de Janeiro,BRA
M200,Men's 200m Freestyle,M,Men,200,170,Conor Dwyer,USA,United States of America,No,01:45.23,105.23,102.0,3.23,3.167,2016,27.6,Rio de Janeiro,BRA
M200,Men's 200m Freestyle,M,Men,200,171,Kosuke Hagino,JPN,Japan,No,01:45.23,105.23,102.0,3.23,3.167,2014,20.1,Incheon,KOR
M200,Men's 200m Freestyle,M,Men,200,172,Michael Phelps,USA,United States of America,No,01:45.23,105.23,102.0,3.23,3.167,2009,24.1,Rome,ITA
M200,Men's 200m Freestyle,M,Men,200,173,Pieter Van Den Hoogenband,NED,Netherlands,No,01:45.23,105.23,102.0,3.23,3.167,2004,26.4,Athens,GRE
M200,Men's 200m Freestyle,M,Men,200,174,Tom Dean,GBR,Great Britain,No,01:45.24,105.24,102.0,3.24,3.176,2021,21.2,Tokyo,JPN
M200,Men's 200m Freestyle,M,Men,200,175,Yang Sun,CHN,People's Republic of China,No,01:45.24,105.24,102.0,3.24,3.176,2017,25.6,Budapest,HUN
M200,Men's 200m Freestyle,M,Men,200,176,Yannick Agnel,FRA,France,No,01:45.24,105.24,102.0,3.24,3.176,2012,20.0,Canet-en-Roussillon,FRA
M200,Men's 200m Freestyle,M,Men,200,177,Sho Uchida,JPN,Japan,No,01:45.24,105.24,102.0,3.24,3.176,2009,21.8,Rome,ITA
M200,Men's 200m Freestyle,M,Men,200,178,Kieran Smith,USA,United States of America,No,01:45.25,105.25,102.0,3.25,3.186,2022,21.9,Greensboro,USA
M200,Men's 200m Freestyle,M,Men,200,179,Taehwan Park,KOR,Republic of Korea,No,01:45.25,105.25,102.0,3.25,3.186,2014,24.8,Gimcheon,KOR
M200,Men's 200m Freestyle,M,Men,200,180,Yannick Agnel,FRA,France,No,01:45.25,105.25,102.0,3.25,3.186,2011,19.1,Shanghai,CHN
M200,Men's 200m Freestyle,M,Men,200,181,Luke Hobson,USA,United States of America,No,01:45.26,105.26,102.0,3.26,3.196,2024,20.6,Doha,QAT
M200,Men's 200m Freestyle,M,Men,200,182,Luke Hobson,USA,United States of America,No,01:45.26,105.26,102.0,3.26,3.196,2024,20.6,Doha,QAT
M200,Men's 200m Freestyle,M,Men,200,183,Sunwoo Hwang,KOR,Republic of Korea,No,01:45.26,105.26,102.0,3.26,3.196,2021,18.2,Tokyo,JPN
M200,Men's 200m Freestyle,M,Men,200,184,David Popovici,ROU,Romania,No,01:45.26,105.26,102.0,3.26,3.196,2021,16.8,Rome,ITA
M200,Men's 200m Freestyle,M,Men,200,185,Carlos D'ambrosio,ITA,Italy,No,01:45.27,105.27,102.0,3.27,3.206,2025,18.5,Singapore,SGP
M200,Men's 200m Freestyle,M,Men,200,186,Duncan Scott,GBR,Great Britain,No,01:45.27,105.27,102.0,3.27,3.206,2017,20.2,Budapest,HUN
M200,Men's 200m Freestyle,M,Men,200,187,Jack Mcmillan,GBR,Great Britain,No,01:45.28,105.28,102.0,3.28,3.216,2025,25.5,Singapore,SGP
M200,Men's 200m Freestyle,M,Men,200,188,James Guy,GBR,Great Britain,No,01:45.28,105.28,102.0,3.28,3.216,2025,29.7,Singapore,SGP
M200,Men's 200m Freestyle,M,Men,200,189,James Guy,GBR,Great Britain,No,01:45.28,105.28,102.0,3.28,3.216,2024,28.4,London,GBR
M200,Men's 200m Freestyle,M,Men,200,190,Zhanle Pan,CHN,People's Republic of China,No,01:45.28,105.28,102.0,3.28,3.216,2023,19.1,Hangzhou,CHN
M200,Men's 200m Freestyle,M,Men,200,191,Yang Sun,CHN,People's Republic of China,No,01:45.28,105.28,102.0,3.28,3.216,2014,22.8,Incheon,KOR
M200,Men's 200m Freestyle,M,Men,200,192,Katsuhiro Matsumoto,JPN,Japan,No,01:45.29,105.29,102.0,3.29,3.225,2024,27.1,Tokyo,JPN
M200,Men's 200m Freestyle,M,Men,200,193,Tom Dean,GBR,Great Britain,No,01:45.29,105.29,102.0,3.29,3.225,2023,23.2,Fukuoka,JPN
M200,Men's 200m Freestyle,M,Men,200,194,Kieran Smith,USA,United States of America,No,01:45.29,105.29,102.0,3.29,3.225,2021,21.1,Omaha,USA
M200,Men's 200m Freestyle,M,Men,200,195,Sunwoo Hwang,KOR,Republic of Korea,No,01:45.30,105.3,102.0,3.3,3.235,2022,19.1,Budapest,HUN
M200,Men's 200m Freestyle,M,Men,200,196,Ryan Lochte,USA,United States of America,No,01:45.30,105.3,102.0,3.3,3.235,2010,26.0,Irvine,USA
M200,Men's 200m Freestyle,M,Men,200,197,Paul Biedermann,GER,Germany,No,01:45.30,105.3,102.0,3.3,3.235,2009,23.0,Rome,ITA
M200,Men's 200m Freestyle,M,Men,200,198,Lukas Maertens,GER,Germany,No,01:45.31,105.31,102.0,3.31,3.245,2025,23.3,Berlin,GER
M200,Men's 200m Freestyle,M,Men,200,199,Lukas Maertens,GER,Germany,No,01:45.31,105.31,102.0,3.31,3.245,2024,22.6,Paris,FRA
M200,Men's 200m Freestyle,M,Men,200,200,Yang Sun,CHN,People's Republic of China,No,01:45.31,105.31,102.0,3.31,3.245,2019,27.6,Gwangju,KOR
M400,Men's 400m Freestyle,M,Men,400,1,Lukas Maertens,GER,Germany,No,03:39.96,219.96,219.96,0.0,0.0,2025,23.3,Stockholm,SWE
M400,Men's 400m Freestyle,M,Men,400,2,Paul Biedermann,GER,Germany,No,03:40.07,220.07,219.96,0.11,0.05,2009,23.0,Rome,ITA
M400,Men's 400m Freestyle,M,Men,400,3,Ian Thorpe,AUS,Australia,Yes,03:40.08,220.08,219.96,0.12,0.055,2002,19.8,Manchester,GBR
M400,Men's 400m Freestyle,M,Men,400,4,Yang Sun,CHN,People's Republic of China,No,03:40.14,220.14,219.96,0.18,0.082,2012,20.7,London,GBR
M400,Men's 400m Freestyle,M,Men,400,5,Ian Thorpe,AUS,Australia,Yes,03:40.17,220.17,219.96,0.21,0.095,2001,18.8,Fukuoka,JPN
M400,Men's 400m Freestyle,M,Men,400,6,Yang Sun,CHN,People's Republic of China,No,03:40.29,220.29,219.96,0.33,0.15,2011,19.8,Rizhao,CHN
M400,Men's 400m Freestyle,M,Men,400,7,Lukas Maertens,GER,Germany,No,03:40.33,220.33,219.96,0.37,0.168,2024,22.3,Berlin,GER
M400,Men's 400m Freestyle,M,Men,400,8,Ian Thorpe,AUS,Australia,Yes,03:40.59,220.59,219.96,0.63,0.286,2000,17.9,Sydney,AUS
M400,Men's 400m Freestyle,M,Men,400,9,Lukas Maertens,GER,Germany,No,03:40.61,220.61,219.96,0.65,0.296,2025,23.3,Berlin,GER
M400,Men's 400m Freestyle,M,Men,400,10,Samuel Short,AUS,Australia,Yes,03:40.68,220.68,219.96,0.72,0.327,2023,19.8,Fukuoka,JPN
M400,Men's 400m Freestyle,M,Men,400,11,Ahmed Hafnaoui,TUN,Tunisia,No,03:40.70,220.7,219.96,0.74,0.336,2023,20.6,Fukuoka,JPN
M400,Men's 400m Freestyle,M,Men,400,12,Samuel Short,AUS,Australia,Yes,03:41.03,221.03,219.96,1.07,0.486,2025,21.7,Adelaide,AUS
M400,Men's 400m Freestyle,M,Men,400,13,Oussama Mellouli,TUN,Tunisia,No,03:41.11,221.11,219.96,1.15,0.523,2009,25.4,Rome,ITA
M400,Men's 400m Freestyle,M,Men,400,14,Elijah Winnington,AUS,Australia,Yes,03:41.22,221.22,219.96,1.26,0.573,2022,22.1,Budapest,HUN
M400,Men's 400m Freestyle,M,Men,400,15,Ian Thorpe,AUS,Australia,Yes,03:41.33,221.33,219.96,1.37,0.623,2000,17.6,Sydney,AUS
M400,Men's 400m Freestyle,M,Men,400,16,Lin Zhang,CHN,People's Republic of China,No,03:41.35,221.35,219.96,1.39,0.632,2009,22.6,Rome,ITA
M400,Men's 400m Freestyle,M,Men,400,17,Yang Sun,CHN,People's Republic of China,No,03:41.38,221.38,219.96,1.42,0.646,2017,25.6,Budapest,HUN
M400,Men's 400m Freestyle,M,Men,400,18,Elijah Winnington,AUS,Australia,Yes,03:41.41,221.41,219.96,1.45,0.659,2024,24.0,Gold Coast,AUS
M400,Men's 400m Freestyle,M,Men,400,19,Yang Sun,CHN,People's Republic of China,No,03:41.48,221.48,219.96,1.52,0.691,2011,19.3,Wuhan,CHN
M400,Men's 400m Freestyle,M,Men,400,20,Taehwan Park,KOR,Republic of Korea,No,03:41.53,221.53,219.96,1.57,0.714,2010,21.1,Guangzhou,CHN
M400,Men's 400m Freestyle,M,Men,400,21,Zhanshuo Zhang,CHN,People's Republic of China,No,03:41.55,221.55,219.96,1.59,0.723,2026,18.9,Shenzhen,CHN
M400,Men's 400m Freestyle,M,Men,400,22,Mack Horton,AUS,Australia,Yes,03:41.55,221.55,219.96,1.59,0.723,2016,20.3,Rio de Janeiro,BRA
M400,Men's 400m Freestyle,M,Men,400,23,Yang Sun,CHN,People's Republic of China,No,03:41.59,221.59,219.96,1.63,0.741,2013,21.7,Barcelona,ESP
M400,Men's 400m Freestyle,M,Men,400,24,Lukas Maertens,GER,Germany,No,03:41.60,221.6,219.96,1.64,0.746,2022,20.3,Stockholm,SWE
M400,Men's 400m Freestyle,M,Men,400,25,Samuel Short,AUS,Australia,Yes,03:41.64,221.64,219.96,1.68,0.764,2024,20.6,Gold Coast,AUS
M400,Men's 400m Freestyle,M,Men,400,26,Mack Horton,AUS,Australia,Yes,03:41.65,221.65,219.96,1.69,0.768,2016,20.0,Adelaide,AUS
M400,Men's 400m Freestyle,M,Men,400,27,Yang Sun,CHN,People's Republic of China,No,03:41.68,221.68,219.96,1.72,0.782,2016,24.7,Rio de Janeiro,BRA
M400,Men's 400m Freestyle,M,Men,400,28,Lukas Maertens,GER,Germany,No,03:41.76,221.76,219.96,1.8,0.818,2026,24.3,Berlin,GER
M400,Men's 400m Freestyle,M,Men,400,29,Lukas Maertens,GER,Germany,No,03:41.78,221.78,219.96,1.82,0.827,2024,22.6,Paris,FRA
M400,Men's 400m Freestyle,M,Men,400,30,Ian Thorpe,AUS,Australia,Yes,03:41.83,221.83,219.96,1.87,0.85,1999,16.9,Sydney,AUS
M400,Men's 400m Freestyle,M,Men,400,31,Taehwan Park,KOR,Republic of Korea,No,03:41.86,221.86,219.96,1.9,0.864,2008,18.9,Beijing,CHN
M400,Men's 400m Freestyle,M,Men,400,32,Yang Sun,CHN,People's Republic of China,No,03:41.94,221.94,219.96,1.98,0.9,2017,25.8,Tianjin,CHN
M400,Men's 400m Freestyle,M,Men,400,33,Lukas Maertens,GER,Germany,No,03:41.98,221.98,219.96,2.02,0.918,2024,22.3,Magdeburg,GER
M400,Men's 400m Freestyle,M,Men,400,34,Taehwan Park,KOR,Republic of Korea,No,03:42.04,222.04,219.96,2.08,0.946,2011,21.8,Shanghai,CHN
M400,Men's 400m Freestyle,M,Men,400,35,Taehwan Park,KOR,Republic of Korea,No,03:42.06,222.06,219.96,2.1,0.955,2012,22.8,London,GBR
M400,Men's 400m Freestyle,M,Men,400,36,Samuel Short,AUS,Australia,Yes,03:42.07,222.07,219.96,2.11,0.959,2025,21.9,Singapore,SGP
M400,Men's 400m Freestyle,M,Men,400,37,Yang Sun,CHN,People's Republic of China,No,03:42.16,222.16,219.96,2.2,1.0,2017,25.4,Qingdae,CHN
M400,Men's 400m Freestyle,M,Men,400,38,Lukas Maertens,GER,Germany,No,03:42.20,222.2,219.96,2.24,1.018,2023,21.6,Fukuoka,JPN
M400,Men's 400m Freestyle,M,Men,400,39,Elijah Winnington,AUS,Australia,Yes,03:42.21,222.21,219.96,2.25,1.023,2024,24.2,Paris,FRA
M400,Men's 400m Freestyle,M,Men,400,40,Yang Sun,CHN,People's Republic of China,No,03:42.31,222.31,219.96,2.35,1.068,2012,20.3,Shaoxing,CHN
M400,Men's 400m Freestyle,M,Men,400,41,Lukas Maertens,GER,Germany,No,03:42.35,222.35,219.96,2.39,1.087,2025,23.6,Singapore,SGP
M400,Men's 400m Freestyle,M,Men,400,42,Samuel Short,AUS,Australia,Yes,03:42.37,222.37,219.96,2.41,1.096,2025,21.9,Singapore,SGP
M400,Men's 400m Freestyle,M,Men,400,43,Woomin Kim,KOR,Republic of Korea,No,03:42.42,222.42,219.96,2.46,1.118,2024,22.8,Monaco,MON
M400,Men's 400m Freestyle,M,Men,400,44,Samuel Short,AUS,Australia,Yes,03:42.44,222.44,219.96,2.48,1.127,2023,19.8,Fukuoka,JPN
M400,Men's 400m Freestyle,M,Men,400,45,Yang Sun,CHN,People's Republic of China,No,03:42.44,222.44,219.96,2.48,1.127,2019,27.6,Gwangju,KOR
M400,Men's 400m Freestyle,M,Men,400,46,Lin Zhang,CHN,People's Republic of China,No,03:42.44,222.44,219.96,2.48,1.127,2008,21.6,Beijing,CHN
M400,Men's 400m Freestyle,M,Men,400,47,Samuel Short,AUS,Australia,Yes,03:42.46,222.46,219.96,2.5,1.137,2023,19.6,Gold Coast,AUS
M400,Men's 400m Freestyle,M,Men,400,48,Yang Sun,CHN,People's Republic of China,No,03:42.47,222.47,219.96,2.51,1.141,2010,19.0,Guangzhou,CHN
M400,Men's 400m Freestyle,M,Men,400,49,Yang Sun,CHN,People's Republic of China,No,03:42.49,222.49,219.96,2.53,1.15,2012,21.0,Dubai,UAE
M400,Men's 400m Freestyle,M,Men,400,50,Woomin Kim,KOR,Republic of Korea,No,03:42.50,222.5,219.96,2.54,1.155,2024,22.9,Paris,FRA
M400,Men's 400m Freestyle,M,Men,400,51,Lukas Maertens,GER,Germany,No,03:42.50,222.5,219.96,2.54,1.155,2022,20.6,Rome,ITA
M400,Men's 400m Freestyle,M,Men,400,52,Grant Hackett,AUS,Australia,Yes,03:42.51,222.51,219.96,2.55,1.159,2001,21.2,Fukuoka,JPN
M400,Men's 400m Freestyle,M,Men,400,53,Samuel Short,AUS,Australia,Yes,03:42.53,222.53,219.96,2.57,1.168,2026,22.6,Gold Coast,AUS
M400,Men's 400m Freestyle,M,Men,400,54,Yang Sun,CHN,People's Republic of China,No,03:42.58,222.58,219.96,2.62,1.191,2015,23.7,Kazan,RUS
M400,Men's 400m Freestyle,M,Men,400,55,Ian Thorpe,AUS,Australia,Yes,03:42.58,222.58,219.96,2.62,1.191,2003,20.8,Barcelona,ESP
M400,Men's 400m Freestyle,M,Men,400,56,Woomin Kim,KOR,Republic of Korea,No,03:42.60,222.6,219.96,2.64,1.2,2025,23.9,Singapore,SGP
M400,Men's 400m Freestyle,M,Men,400,57,Samuel Short,AUS,Australia,Yes,03:42.64,222.64,219.96,2.68,1.218,2024,20.9,Paris,FRA
M400,Men's 400m Freestyle,M,Men,400,58,Elijah Winnington,AUS,Australia,Yes,03:42.65,222.65,219.96,2.69,1.223,2021,21.1,Adelaide,AUS
M400,Men's 400m Freestyle,M,Men,400,59,Woomin Kim,KOR,Republic of Korea,No,03:42.71,222.71,219.96,2.75,1.25,2024,22.5,Doha,QAT
M400,Men's 400m Freestyle,M,Men,400,60,Yang Sun,CHN,People's Republic of China,No,03:42.75,222.75,219.96,2.79,1.268,2019,27.4,Guangzhou,CHN
M400,Men's 400m Freestyle,M,Men,400,61,Guilherme Costa,BRA,Brazil,No,03:42.76,222.76,219.96,2.8,1.273,2024,25.8,Paris,FRA
M400,Men's 400m Freestyle,M,Men,400,62,Larsen Jensen,USA,United States of America,No,03:42.78,222.78,219.96,2.82,1.282,2008,22.9,Beijing,CHN
M400,Men's 400m Freestyle,M,Men,400,63,Oliver Klemet,GER,Germany,No,03:42.81,222.81,219.96,2.85,1.296,2024,22.1,Magdeburg,GER
M400,Men's 400m Freestyle,M,Men,400,64,Zhanshuo Zhang,CHN,People's Republic of China,No,03:42.82,222.82,219.96,2.86,1.3,2025,18.5,Shenzhen,CHN
M400,Men's 400m Freestyle,M,Men,400,65,Mack Horton,AUS,Australia,Yes,03:42.84,222.84,219.96,2.88,1.309,2015,18.9,Sydney,AUS
M400,Men's 400m Freestyle,M,Men,400,66,Lukas Maertens,GER,Germany,No,03:42.85,222.85,219.96,2.89,1.314,2022,20.5,Budapest,HUN
M400,Men's 400m Freestyle,M,Men,400,67,Elijah Winnington,AUS,Australia,Yes,03:42.86,222.86,219.96,2.9,1.318,2024,23.8,Doha,QAT
M400,Men's 400m Freestyle,M,Men,400,68,Yang Sun,CHN,People's Republic of China,No,03:42.89,222.89,219.96,2.93,1.332,2012,20.2,Gold Coast,AUS
M400,Men's 400m Freestyle,M,Men,400,69,Grant Hackett,AUS,Australia,Yes,03:42.91,222.91,219.96,2.95,1.341,2005,25.2,Montreal,CAN
M400,Men's 400m Freestyle,M,Men,400,70,Yang Sun,CHN,People's Republic of China,No,03:42.92,222.92,219.96,2.96,1.346,2018,26.7,Jakarta,INA
M400,Men's 400m Freestyle,M,Men,400,71,Yang Sun,CHN,People's Republic of China,No,03:42.93,222.93,219.96,2.97,1.35,2013,21.3,Zhengzhou,CHN
M400,Men's 400m Freestyle,M,Men,400,72,Lukas Maertens,GER,Germany,No,03:42.96,222.96,219.96,3.0,1.364,2024,22.1,Doha,QAT
M400,Men's 400m Freestyle,M,Men,400,73,Lukas Maertens,GER,Germany,No,03:42.98,222.98,219.96,3.02,1.373,2025,23.4,London,GBR
M400,Men's 400m Freestyle,M,Men,400,74,Zhanshuo Zhang,CHN,People's Republic of China,No,03:42.99,222.99,219.96,3.03,1.378,2025,18.3,Chengdu,CHN
M400,Men's 400m Freestyle,M,Men,400,75,Paul Biedermann,GER,Germany,No,03:43.01,223.01,219.96,3.05,1.387,2009,23.0,Rome,ITA
M400,Men's 400m Freestyle,M,Men,400,76,Lukas Maertens,GER,Germany,No,03:43.04,223.04,219.96,3.08,1.4,2026,24.2,Shenzhen,CHN
M400,Men's 400m Freestyle,M,Men,400,77,Elijah Winnington,AUS,Australia,Yes,03:43.06,223.06,219.96,3.1,1.409,2022,22.2,Birmingham,GBR
M400,Men's 400m Freestyle,M,Men,400,78,Elijah Winnington,AUS,Australia,Yes,03:43.10,223.1,219.96,3.14,1.428,2022,22.0,Adelaide,AUS
M400,Men's 400m Freestyle,M,Men,400,79,Larsen Jensen,USA,United States of America,No,03:43.10,223.1,219.96,3.14,1.428,2008,22.9,Beijing,CHN
M400,Men's 400m Freestyle,M,Men,400,80,Ian Thorpe,AUS,Australia,Yes,03:43.10,223.1,219.96,3.14,1.428,2004,21.8,Athens,GRE
M400,Men's 400m Freestyle,M,Men,400,81,Peter Vanderkaay,USA,United States of America,No,03:43.11,223.11,219.96,3.15,1.432,2008,24.5,Beijing,CHN
M400,Men's 400m Freestyle,M,Men,400,82,Oliver Klemet,GER,Germany,No,03:43.14,223.14,219.96,3.18,1.446,2026,24.1,Stockholm,SWE
M400,Men's 400m Freestyle,M,Men,400,83,Taehwan Park,KOR,Republic of Korea,No,03:43.15,223.15,219.96,3.19,1.45,2014,24.9,Gold Coast,AUS
M400,Men's 400m Freestyle,M,Men,400,84,Mack Horton,AUS,Australia,Yes,03:43.17,223.17,219.96,3.21,1.459,2019,23.2,Gwangju,KOR
M400,Men's 400m Freestyle,M,Men,400,85,Peter Vanderkaay,USA,United States of America,No,03:43.20,223.2,219.96,3.24,1.473,2009,25.5,Rome,ITA
M400,Men's 400m Freestyle,M,Men,400,86,Samuel Short,AUS,Australia,Yes,03:43.21,223.21,219.96,3.25,1.478,2025,21.7,Adelaide,AUS
M400,Men's 400m Freestyle,M,Men,400,87,Gabriele Detti,ITA,Italy,No,03:43.23,223.23,219.96,3.27,1.487,2019,24.9,Gwangju,KOR
M400,Men's 400m Freestyle,M,Men,400,88,Yang Sun,CHN,People's Republic of China,No,03:43.23,223.23,219.96,3.27,1.487,2014,22.8,Incheon,KOR
M400,Men's 400m Freestyle,M,Men,400,89,Felix Auboeck,AUT,Austria,No,03:43.24,223.24,219.96,3.28,1.491,2024,27.5,Belgrade,SRB
M400,Men's 400m Freestyle,M,Men,400,90,Yang Sun,CHN,People's Republic of China,No,03:43.24,223.24,219.96,3.28,1.491,2011,19.6,Shanghai,CHN
M400,Men's 400m Freestyle,M,Men,400,91,Elijah Winnington,AUS,Australia,Yes,03:43.26,223.26,219.96,3.3,1.5,2024,24.1,Brisbane,AUS
M400,Men's 400m Freestyle,M,Men,400,92,Jack Alan Mcloughlin,AUS,Australia,Yes,03:43.27,223.27,219.96,3.31,1.505,2021,26.4,Adelaide,AUS
M400,Men's 400m Freestyle,M,Men,400,93,Guilherme Costa,BRA,Brazil,No,03:43.31,223.31,219.96,3.35,1.523,2022,23.7,Budapest,HUN
M400,Men's 400m Freestyle,M,Men,400,94,Lukas Maertens,GER,Germany,No,03:43.32,223.32,219.96,3.36,1.528,2023,21.3,Magedburg,GER
M400,Men's 400m Freestyle,M,Men,400,95,Lin Zhang,CHN,People's Republic of China,No,03:43.32,223.32,219.96,3.36,1.528,2008,21.6,Beijing,CHN
M400,Men's 400m Freestyle,M,Men,400,96,Rex Michael Maurer,USA,United States of America,No,03:43.33,223.33,219.96,3.37,1.532,2025,20.8,Indianapolis,USA
M400,Men's 400m Freestyle,M,Men,400,97,Taehwan Park,KOR,Republic of Korea,No,03:43.35,223.35,219.96,3.39,1.541,2008,18.9,Beijing,CHN
M400,Men's 400m Freestyle,M,Men,400,98,Ahmed Hafnaoui,TUN,Tunisia,No,03:43.36,223.36,219.96,3.4,1.546,2021,18.6,Tokyo,JPN
M400,Men's 400m Freestyle,M,Men,400,99,Danas Rapsys,LTU,Lithuania,No,03:43.36,223.36,219.96,3.4,1.546,2019,24.0,Budapest,HUN
M400,Men's 400m Freestyle,M,Men,400,100,Gabriele Detti,ITA,Italy,No,03:43.36,223.36,219.96,3.4,1.546,2019,24.6,Riccione,ITA
M400,Men's 400m Freestyle,M,Men,400,101,Gabriele Detti,ITA,Italy,No,03:43.36,223.36,219.96,3.4,1.546,2017,22.6,Riccione,ITA
M400,Men's 400m Freestyle,M,Men,400,102,Grant Hackett,AUS,Australia,Yes,03:43.36,223.36,219.96,3.4,1.546,2004,24.3,Athens,GRE
M400,Men's 400m Freestyle,M,Men,400,103,Samuel Short,AUS,Australia,Yes,03:43.38,223.38,219.96,3.42,1.555,2023,19.7,Melbourne,AUS
M400,Men's 400m Freestyle,M,Men,400,104,Oliver Klemet,GER,Germany,No,03:43.40,223.4,219.96,3.44,1.564,2025,23.1,Stockholm,SWE
M400,Men's 400m Freestyle,M,Men,400,105,Massimiliano Rosolino,ITA,Italy,No,03:43.40,223.4,219.96,3.44,1.564,2000,22.2,Sydney,AUS
M400,Men's 400m Freestyle,M,Men,400,106,Conor Dwyer,USA,United States of America,No,03:43.42,223.42,219.96,3.46,1.573,2016,27.6,Rio de Janeiro,BRA
M400,Men's 400m Freestyle,M,Men,400,107,Oliver Klemet,GER,Germany,No,03:43.43,223.43,219.96,3.47,1.578,2025,23.1,Berlin,GER
M400,Men's 400m Freestyle,M,Men,400,108,Oussama Mellouli,TUN,Tunisia,No,03:43.45,223.45,219.96,3.49,1.587,2008,24.5,Beijing,CHN
M400,Men's 400m Freestyle,M,Men,400,109,Nikita Lobintsev,RUS,Russian Federation,No,03:43.45,223.45,219.96,3.49,1.587,2008,19.7,Beijing,CHN
M400,Men's 400m Freestyle,M,Men,400,110,Ryan Cochrane,CAN,Canada,No,03:43.46,223.46,219.96,3.5,1.591,2014,25.7,Glasgow,GBR
M400,Men's 400m Freestyle,M,Men,400,111,Elijah Winnington,AUS,Australia,Yes,03:43.48,223.48,219.96,3.52,1.6,2023,23.1,Melbourne,AUS
M400,Men's 400m Freestyle,M,Men,400,112,Grant Hackett,AUS,Australia,Yes,03:43.48,223.48,219.96,3.52,1.6,2002,22.2,Manchester,GBR
M400,Men's 400m Freestyle,M,Men,400,113,Samuel Short,AUS,Australia,Yes,03:43.49,223.49,219.96,3.53,1.605,2026,22.5,Westmont,USA
M400,Men's 400m Freestyle,M,Men,400,114,Gabriele Detti,ITA,Italy,No,03:43.49,223.49,219.96,3.53,1.605,2016,21.9,Rio de Janeiro,BRA
M400,Men's 400m Freestyle,M,Men,400,115,Danas Rapsys,LTU,Lithuania,No,03:43.50,223.5,219.96,3.54,1.609,2019,24.2,Gwangju,KOR
M400,Men's 400m Freestyle,M,Men,400,116,Jack Alan Mcloughlin,AUS,Australia,Yes,03:43.52,223.52,219.96,3.56,1.618,2021,26.5,Tokyo,JPN
M400,Men's 400m Freestyle,M,Men,400,117,Yang Sun,CHN,People's Republic of China,No,03:43.55,223.55,219.96,3.59,1.632,2016,24.5,Santa Clara,USA
M400,Men's 400m Freestyle,M,Men,400,118,Guilherme Costa,BRA,Brazil,No,03:43.58,223.58,219.96,3.62,1.646,2023,24.8,Fukuoka,JPN
M400,Men's 400m Freestyle,M,Men,400,119,Felix Auboeck,AUT,Austria,No,03:43.58,223.58,219.96,3.62,1.646,2022,25.5,Budapest,HUN
M400,Men's 400m Freestyle,M,Men,400,120,Lin Zhang,CHN,People's Republic of China,No,03:43.58,223.58,219.96,3.62,1.646,2009,22.6,Rome,ITA
M400,Men's 400m Freestyle,M,Men,400,121,Henning Bennet Muhlleitner,GER,Germany,No,03:43.67,223.67,219.96,3.71,1.687,2021,24.0,Tokyo,JPN
M400,Men's 400m Freestyle,M,Men,400,122,Woomin Kim,KOR,Republic of Korea,No,03:43.69,223.69,219.96,3.73,1.696,2024,22.6,Gimcheon,KOR
M400,Men's 400m Freestyle,M,Men,400,123,David Mckeon,AUS,Australia,Yes,03:43.71,223.71,219.96,3.75,1.705,2013,20.8,Adelaide,AUS
M400,Men's 400m Freestyle,M,Men,400,124,David Mckeon,AUS,Australia,Yes,03:43.72,223.72,219.96,3.76,1.709,2014,21.7,Brisbane,AUS
M400,Men's 400m Freestyle,M,Men,400,125,Gabriele Detti,ITA,Italy,No,03:43.73,223.73,219.96,3.77,1.714,2020,26.0,Rome,ITA
M400,Men's 400m Freestyle,M,Men,400,126,Yang Sun,CHN,People's Republic of China,No,03:43.73,223.73,219.96,3.77,1.714,2019,27.3,Qingdao,CHN
M400,Men's 400m Freestyle,M,Men,400,127,James Guy,GBR,Great Britain,No,03:43.75,223.75,219.96,3.79,1.723,2015,19.7,Kazan,RUS
M400,Men's 400m Freestyle,M,Men,400,128,Mack Horton,AUS,Australia,Yes,03:43.76,223.76,219.96,3.8,1.728,2018,21.9,Gold Coast,AUS
M400,Men's 400m Freestyle,M,Men,400,129,Oussama Mellouli,TUN,Tunisia,No,03:43.78,223.78,219.96,3.82,1.737,2009,25.4,Rome,ITA
M400,Men's 400m Freestyle,M,Men,400,130,Yang Sun,CHN,People's Republic of China,No,03:43.79,223.79,219.96,3.83,1.741,2019,27.3,Qingdao,CHN
M400,Men's 400m Freestyle,M,Men,400,131,Connor Jaeger,USA,United States of America,No,03:43.79,223.79,219.96,3.83,1.741,2016,25.2,Omaha,USA
M400,Men's 400m Freestyle,M,Men,400,132,Kieren Perkins,AUS,Australia,Yes,03:43.80,223.8,219.96,3.84,1.746,1994,21.1,Rome,ITA
M400,Men's 400m Freestyle,M,Men,400,133,Lukas Maertens,GER,Germany,No,03:43.81,223.81,219.96,3.85,1.75,2025,23.6,Singapore,SGP
M400,Men's 400m Freestyle,M,Men,400,134,Felix Auboeck,AUT,Austria,No,03:43.83,223.83,219.96,3.87,1.759,2022,25.5,Budapest,HUN
M400,Men's 400m Freestyle,M,Men,400,135,Samuel Short,AUS,Australia,Yes,03:43.84,223.84,219.96,3.88,1.764,2025,21.5,Sacramento,USA
M400,Men's 400m Freestyle,M,Men,400,136,Mack Horton,AUS,Australia,Yes,03:43.84,223.84,219.96,3.88,1.764,2016,20.3,Rio de Janeiro,BRA
M400,Men's 400m Freestyle,M,Men,400,137,James Guy,GBR,Great Britain,No,03:43.84,223.84,219.96,3.88,1.764,2016,20.4,Glasgow,GBR
M400,Men's 400m Freestyle,M,Men,400,138,Grant Hackett,AUS,Australia,Yes,03:43.84,223.84,219.96,3.88,1.764,2008,28.3,Beijing,CHN
M400,Men's 400m Freestyle,M,Men,400,139,Mack Horton,AUS,Australia,Yes,03:43.85,223.85,219.96,3.89,1.769,2017,21.2,Budapest,HUN
M400,Men's 400m Freestyle,M,Men,400,140,Yannick Agnel,FRA,France,No,03:43.85,223.85,219.96,3.89,1.769,2011,18.8,Strasburg,FRA
M400,Men's 400m Freestyle,M,Men,400,141,Lukas Maertens,GER,Germany,No,03:43.86,223.86,219.96,3.9,1.773,2023,21.3,Berlin,GER
M400,Men's 400m Freestyle,M,Men,400,142,Samuel Short,AUS,Australia,Yes,03:43.90,223.9,219.96,3.94,1.791,2024,20.7,Brisbane,AUS
M400,Men's 400m Freestyle,M,Men,400,143,Elijah Winnington,AUS,Australia,Yes,03:43.90,223.9,219.96,3.94,1.791,2020,20.6,Brisbane,AUS
M400,Men's 400m Freestyle,M,Men,400,144,Kosuke Hagino,JPN,Japan,No,03:43.90,223.9,219.96,3.94,1.791,2014,19.7,Tokyo,JPN
M400,Men's 400m Freestyle,M,Men,400,145,Felix Auboeck,AUT,Austria,No,03:43.91,223.91,219.96,3.95,1.796,2021,24.6,Tokyo,JPN
M400,Men's 400m Freestyle,M,Men,400,146,Danas Rapsys,LTU,Lithuania,No,03:43.91,223.91,219.96,3.95,1.796,2019,24.2,Jinan,CHN
M400,Men's 400m Freestyle,M,Men,400,147,Woomin Kim,KOR,Republic of Korea,No,03:43.92,223.92,219.96,3.96,1.8,2023,21.9,Fukuoka,JPN
M400,Men's 400m Freestyle,M,Men,400,148,Mack Horton,AUS,Australia,Yes,03:43.92,223.92,219.96,3.96,1.8,2021,25.1,Adelaide,AUS
M400,Men's 400m Freestyle,M,Men,400,149,Antonio Djakovic,SUI,Switzerland,No,03:43.93,223.93,219.96,3.97,1.805,2022,19.9,Rome,ITA
M400,Men's 400m Freestyle,M,Men,400,150,Gabriele Detti,ITA,Italy,No,03:43.93,223.93,219.96,3.97,1.805,2017,22.9,Budapest,HUN
M400,Men's 400m Freestyle,M,Men,400,151,Kieran Smith,USA,United States of America,No,03:43.94,223.94,219.96,3.98,1.809,2021,21.2,Tokyo,JPN
M400,Men's 400m Freestyle,M,Men,400,152,Gabriele Detti,ITA,Italy,No,03:43.95,223.95,219.96,3.99,1.814,2016,21.9,Rio de Janeiro,BRA
M400,Men's 400m Freestyle,M,Men,400,153,Taehwan Park,KOR,Republic of Korea,No,03:43.96,223.96,219.96,4.0,1.819,2014,24.4,Sydney,AUS
M400,Men's 400m Freestyle,M,Men,400,154,Gabriele Detti,ITA,Italy,No,03:43.97,223.97,219.96,4.01,1.823,2016,21.6,Riccione,ITA
M400,Men's 400m Freestyle,M,Men,400,155,Yang Sun,CHN,People's Republic of China,No,03:43.97,223.97,219.96,4.01,1.823,2012,20.8,Huangshan,CHN
M400,Men's 400m Freestyle,M,Men,400,156,Yuriy Prilukov,RUS,Russian Federation,No,03:43.97,223.97,219.96,4.01,1.823,2008,24.2,Beijing,CHN
M400,Men's 400m Freestyle,M,Men,400,157,Elijah Winnington,AUS,Australia,Yes,03:43.99,223.99,219.96,4.03,1.832,2025,25.1,Adelaide,AUS
M400,Men's 400m Freestyle,M,Men,400,158,Conor Dwyer,USA,United States of America,No,03:44.01,224.01,219.96,4.05,1.841,2016,27.6,Rio de Janeiro,BRA
M400,Men's 400m Freestyle,M,Men,400,159,Gabriele Detti,ITA,Italy,No,03:44.01,224.01,219.96,4.05,1.841,2016,21.7,London,GBR
M400,Men's 400m Freestyle,M,Men,400,160,Grant Hackett,AUS,Australia,Yes,03:44.03,224.03,219.96,4.07,1.85,2008,28.3,Beijing,CHN
M400,Men's 400m Freestyle,M,Men,400,161,James Guy,GBR,Great Britain,No,03:44.04,224.04,219.96,4.08,1.855,2026,30.4,London,GBR
M400,Men's 400m Freestyle,M,Men,400,162,Mack Horton,AUS,Australia,Yes,03:44.06,224.06,219.96,4.1,1.864,2022,26.1,Adelaide,AUS
M400,Men's 400m Freestyle,M,Men,400,163,Henning Bennet Muhlleitner,GER,Germany,No,03:44.07,224.07,219.96,4.11,1.869,2021,24.0,Tokyo,JPN
M400,Men's 400m Freestyle,M,Men,400,164,Felix Auboeck,AUT,Austria,No,03:44.07,224.07,219.96,4.11,1.869,2021,24.6,Tokyo,JPN
M400,Men's 400m Freestyle,M,Men,400,165,Yang Sun,CHN,People's Republic of China,No,03:44.07,224.07,219.96,4.11,1.869,2020,28.1,Shenzen,CHN
M400,Men's 400m Freestyle,M,Men,400,166,David Mckeon,AUS,Australia,Yes,03:44.09,224.09,219.96,4.13,1.878,2014,22.0,Glasgow,GBR
M400,Men's 400m Freestyle,M,Men,400,167,Yang Sun,CHN,People's Republic of China,No,03:44.10,224.1,219.96,4.14,1.882,2019,27.6,Gwangju,KOR
M400,Men's 400m Freestyle,M,Men,400,168,Klete Keller,USA,United States of America,No,03:44.11,224.11,219.96,4.15,1.887,2004,22.4,Athens,GRE
M400,Men's 400m Freestyle,M,Men,400,169,Lukas Maertens,GER,Germany,No,03:44.13,224.13,219.96,4.17,1.896,2024,22.6,Paris,FRA
M400,Men's 400m Freestyle,M,Men,400,170,Felix Auboeck,AUT,Austria,No,03:44.14,224.14,219.96,4.18,1.9,2023,26.6,Fukuoka,JPN
M400,Men's 400m Freestyle,M,Men,400,171,Marco De Tullio,ITA,Italy,No,03:44.14,224.14,219.96,4.18,1.9,2022,21.7,Budapest,HUN
M400,Men's 400m Freestyle,M,Men,400,172,Paul Biedermann,GER,Germany,No,03:44.14,224.14,219.96,4.18,1.9,2011,25.0,Shanghai,CHN
M400,Men's 400m Freestyle,M,Men,400,173,Samuel Short,AUS,Australia,Yes,03:44.16,224.16,219.96,4.2,1.909,2025,21.6,Rio de Janeiro,BRA
M400,Men's 400m Freestyle,M,Men,400,174,Connor Jaeger,USA,United States of America,No,03:44.16,224.16,219.96,4.2,1.909,2016,25.3,Rio de Janeiro,BRA
M400,Men's 400m Freestyle,M,Men,400,175,James Guy,GBR,Great Britain,No,03:44.16,224.16,219.96,4.2,1.909,2015,19.4,London,GBR
M400,Men's 400m Freestyle,M,Men,400,176,Guilherme Costa,BRA,Brazil,No,03:44.17,224.17,219.96,4.21,1.914,2023,24.8,Fukuoka,JPN
M400,Men's 400m Freestyle,M,Men,400,177,Martin Malyutin,RUS,Russian Federation,No,03:44.18,224.18,219.96,4.22,1.919,2021,21.9,Budapest,HUN
M400,Men's 400m Freestyle,M,Men,400,178,Mack Horton,AUS,Australia,Yes,03:44.18,224.18,219.96,4.22,1.919,2017,21.0,Brisbane,AUS
M400,Men's 400m Freestyle,M,Men,400,179,Felix Auboeck,AUT,Austria,No,03:44.19,224.19,219.96,4.23,1.923,2017,20.6,Budapest,HUN
M400,Men's 400m Freestyle,M,Men,400,180,Samuel Short,AUS,Australia,Yes,03:44.20,224.2,219.96,4.24,1.928,2023,20.2,Brisbane,AUS
M400,Men's 400m Freestyle,M,Men,400,181,Jack Alan Mcloughlin,AUS,Australia,Yes,03:44.20,224.2,219.96,4.24,1.928,2018,23.5,Tokyo,JPN
M400,Men's 400m Freestyle,M,Men,400,182,Gabriele Detti,ITA,Italy,No,03:44.21,224.21,219.96,4.25,1.932,2016,21.8,Rome,ITA
M400,Men's 400m Freestyle,M,Men,400,183,Guilherme Costa,BRA,Brazil,No,03:44.22,224.22,219.96,4.26,1.937,2024,25.4,Doha,QAT
M400,Men's 400m Freestyle,M,Men,400,184,Antonio Djakovic,SUI,Switzerland,No,03:44.22,224.22,219.96,4.26,1.937,2023,20.8,Fukuoka,JPN
M400,Men's 400m Freestyle,M,Men,400,185,Taehwan Park,KOR,Republic of Korea,No,03:44.22,224.22,219.96,4.26,1.937,2012,22.7,Vancouver,CAN
M400,Men's 400m Freestyle,M,Men,400,186,Peter Vanderkaay,USA,United States of America,No,03:44.22,224.22,219.96,4.26,1.937,2008,24.5,Beijing,CHN
M400,Men's 400m Freestyle,M,Men,400,187,Guilherme Costa,BRA,Brazil,No,03:44.23,224.23,219.96,4.27,1.941,2024,25.8,Paris,FRA
M400,Men's 400m Freestyle,M,Men,400,188,Yang Sun,CHN,People's Republic of China,No,03:44.23,224.23,219.96,4.27,1.941,2016,24.7,Rio de Janeiro,BRA
M400,Men's 400m Freestyle,M,Men,400,189,Liwei Fei,CHN,People's Republic of China,No,03:44.24,224.24,219.96,4.28,1.946,2024,21.4,Paris,FRA
M400,Men's 400m Freestyle,M,Men,400,190,Jack Alan Mcloughlin,AUS,Australia,Yes,03:44.24,224.24,219.96,4.28,1.946,2020,25.9,Brisbane,AUS
M400,Men's 400m Freestyle,M,Men,400,191,Elijah Winnington,AUS,Australia,Yes,03:44.26,224.26,219.96,4.3,1.955,2023,23.2,Fukuoka,JPN
M400,Men's 400m Freestyle,M,Men,400,192,Felix Auboeck,AUT,Austria,No,03:44.26,224.26,219.96,4.3,1.955,2022,25.3,Stockholm,SWE
M400,Men's 400m Freestyle,M,Men,400,193,Taehwan Park,KOR,Republic of Korea,No,03:44.26,224.26,219.96,4.3,1.955,2016,26.6,Gwangju,KOR
M400,Men's 400m Freestyle,M,Men,400,194,David Mckeon,AUS,Australia,Yes,03:44.28,224.28,219.96,4.32,1.964,2015,22.7,Sydney,AUS
M400,Men's 400m Freestyle,M,Men,400,195,Yang Sun,CHN,People's Republic of China,No,03:44.29,224.29,219.96,4.33,1.969,2018,26.4,Taiyuan,CHN
M400,Men's 400m Freestyle,M,Men,400,196,Taehwan Park,KOR,Republic of Korea,No,03:44.30,224.3,219.96,4.34,1.973,2007,17.5,Melbourne,AUS
M400,Men's 400m Freestyle,M,Men,400,197,Petar Petrov Mitsin,BUL,Bulgaria,No,03:44.31,224.31,219.96,4.35,1.978,2023,17.9,Belgrade,SRB
M400,Men's 400m Freestyle,M,Men,400,198,Danas Rapsys,LTU,Lithuania,No,03:44.31,224.31,219.96,4.35,1.978,2019,24.2,Gwangju,KOR
M400,Men's 400m Freestyle,M,Men,400,199,Mack Horton,AUS,Australia,Yes,03:44.31,224.31,219.96,4.35,1.978,2018,22.3,Tokyo,JPN
M400,Men's 400m Freestyle,M,Men,400,200,Felix Auboeck,AUT,Austria,No,03:44.33,224.33,219.96,4.37,1.987,2023,26.6,Fukuoka,JPN
M800,Men's 800m Freestyle,M,Men,800,1,Lin Zhang,CHN,People's Republic of China,No,07:32.12,452.12,452.12,0.0,0.0,2009,22.6,Rome,ITA
M800,Men's 800m Freestyle,M,Men,800,2,Oussama Mellouli,TUN,Tunisia,No,07:35.27,455.27,452.12,3.15,0.697,2009,25.4,Rome,ITA
M800,Men's 800m Freestyle,M,Men,800,3,Ahmed Jaouadi,TUN,Tunisia,No,07:36.88,456.88,452.12,4.76,1.053,2025,20.2,Singapore,SGP
M800,Men's 800m Freestyle,M,Men,800,4,Ahmed Hafnaoui,TUN,Tunisia,No,07:37.00,457.0,452.12,4.88,1.079,2023,20.6,Fukuoka,JPN
M800,Men's 800m Freestyle,M,Men,800,5,Samuel Short,AUS,Australia,Yes,07:37.76,457.76,452.12,5.64,1.247,2023,19.9,Fukuoka,JPN
M800,Men's 800m Freestyle,M,Men,800,6,Johannes Wilhel Liebmann,GER,Germany,No,07:37.94,457.94,452.12,5.82,1.287,2026,19.1,Stockholm,SWE
M800,Men's 800m Freestyle,M,Men,800,7,Sven Schwarz,GER,Germany,No,07:38.12,458.12,452.12,6.0,1.327,2025,23.3,Berlin,GER
M800,Men's 800m Freestyle,M,Men,800,8,Daniel Wiffen,IRL,Ireland,No,07:38.19,458.19,452.12,6.07,1.343,2024,23.0,Paris,FRA
M800,Men's 800m Freestyle,M,Men,800,9,Yang Sun,CHN,People's Republic of China,No,07:38.57,458.57,452.12,6.45,1.427,2011,19.7,Shanghai,CHN
M800,Men's 800m Freestyle,M,Men,800,10,Grant Hackett,AUS,Australia,Yes,07:38.65,458.65,452.12,6.53,1.444,2005,25.2,Montreal,CAN
M800,Men's 800m Freestyle,M,Men,800,11,Bobby Finke,USA,United States of America,No,07:38.67,458.67,452.12,6.55,1.449,2023,23.7,Fukuoka,JPN
M800,Men's 800m Freestyle,M,Men,800,12,Bobby Finke,USA,United States of America,No,07:38.75,458.75,452.12,6.63,1.466,2024,24.7,Paris,FRA
M800,Men's 800m Freestyle,M,Men,800,13,Sven Schwarz,GER,Germany,No,07:38.98,458.98,452.12,6.86,1.517,2025,23.4,Samorin,SVK
M800,Men's 800m Freestyle,M,Men,800,14,Lukas Maertens,GER,Germany,No,07:39.10,459.1,452.12,6.98,1.544,2025,23.3,Stockholm,SWE
M800,Men's 800m Freestyle,M,Men,800,15,Ian Thorpe,AUS,Australia,Yes,07:39.16,459.16,452.12,7.04,1.557,2001,18.8,Fukuoka,JPN
M800,Men's 800m Freestyle,M,Men,800,16,Daniel Wiffen,IRL,Ireland,No,07:39.19,459.19,452.12,7.07,1.564,2023,22.0,Fukuoka,JPN
M800,Men's 800m Freestyle,M,Men,800,17,Gregorio Paltrinieri,ITA,Italy,No,07:39.27,459.27,452.12,7.15,1.581,2019,24.9,Gwangju,KOR
M800,Men's 800m Freestyle,M,Men,800,18,Bobby Finke,USA,United States of America,No,07:39.36,459.36,452.12,7.24,1.601,2022,22.6,Budapest,HUN
M800,Men's 800m Freestyle,M,Men,800,19,Gregorio Paltrinieri,ITA,Italy,No,07:39.38,459.38,452.12,7.26,1.606,2024,29.9,Paris,FRA
M800,Men's 800m Freestyle,M,Men,800,20,Lukas Maertens,GER,Germany,No,07:39.48,459.48,452.12,7.36,1.628,2023,21.6,Fukuoka,JPN
M800,Men's 800m Freestyle,M,Men,800,21,Florian Wellbrock,GER,Germany,No,07:39.63,459.63,452.12,7.51,1.661,2022,24.8,Budapest,HUN
M800,Men's 800m Freestyle,M,Men,800,22,Sven Schwarz,GER,Germany,No,07:39.96,459.96,452.12,7.84,1.734,2025,23.5,Singapore,SGP
M800,Men's 800m Freestyle,M,Men,800,23,Yang Sun,CHN,People's Republic of China,No,07:39.96,459.96,452.12,7.84,1.734,2015,23.7,Kazan,RUS
M800,Men's 800m Freestyle,M,Men,800,24,Mykhailo Romanchuk,UKR,Ukraine,No,07:40.05,460.05,452.12,7.93,1.754,2022,25.9,Budapest,HUN
M800,Men's 800m Freestyle,M,Men,800,25,Lukas Maertens,GER,Germany,No,07:40.19,460.19,452.12,8.07,1.785,2025,23.6,Singapore,SGP
M800,Men's 800m Freestyle,M,Men,800,26,Gregorio Paltrinieri,ITA,Italy,No,07:40.22,460.22,452.12,8.1,1.792,2020,25.9,Rome,ITA
M800,Men's 800m Freestyle,M,Men,800,27,Bobby Finke,USA,United States of America,No,07:40.34,460.34,452.12,8.22,1.818,2023,23.7,Indianapolis,USA
M800,Men's 800m Freestyle,M,Men,800,28,Grant Hackett,AUS,Australia,Yes,07:40.34,460.34,452.12,8.22,1.818,2001,21.2,Fukuoka,JPN
M800,Men's 800m Freestyle,M,Men,800,29,Samuel Short,AUS,Australia,Yes,07:40.39,460.39,452.12,8.27,1.829,2023,19.7,Melbourne,AUS
M800,Men's 800m Freestyle,M,Men,800,30,Gabriele Detti,ITA,Italy,No,07:40.77,460.77,452.12,8.65,1.913,2017,22.9,Budapest,HUN
M800,Men's 800m Freestyle,M,Men,800,31,Gregorio Paltrinieri,ITA,Italy,No,07:40.81,460.81,452.12,8.69,1.922,2015,20.9,Kazan,RUS
M800,Men's 800m Freestyle,M,Men,800,32,Gregorio Paltrinieri,ITA,Italy,No,07:40.86,460.86,452.12,8.74,1.933,2022,27.9,Rome,ITA
M800,Men's 800m Freestyle,M,Men,800,33,Samuel Short,AUS,Australia,Yes,07:40.90,460.9,452.12,8.78,1.942,2023,19.9,Fukuoka,JPN
M800,Men's 800m Freestyle,M,Men,800,34,Daniel Wiffen,IRL,Ireland,No,07:40.94,460.94,452.12,8.82,1.951,2024,22.6,Doha,QAT
M800,Men's 800m Freestyle,M,Men,800,35,Samuel Short,AUS,Australia,Yes,07:40.95,460.95,452.12,8.83,1.953,2025,21.7,Adelaide,AUS
M800,Men's 800m Freestyle,M,Men,800,36,Samuel Short,AUS,Australia,Yes,07:40.98,460.98,452.12,8.86,1.96,2026,22.5,Westmont,USA
M800,Men's 800m Freestyle,M,Men,800,37,Samuel Short,AUS,Australia,Yes,07:41.04,461.04,452.12,8.92,1.973,2026,22.6,Gold Coast,AUS
M800,Men's 800m Freestyle,M,Men,800,38,Florian Wellbrock,GER,Germany,No,07:41.10,461.1,452.12,8.98,1.986,2025,27.7,Stockholm,SWE
M800,Men's 800m Freestyle,M,Men,800,39,Sven Schwarz,GER,Germany,No,07:41.14,461.14,452.12,9.02,1.995,2026,24.2,Berlin,GER
M800,Men's 800m Freestyle,M,Men,800,40,Gregorio Paltrinieri,ITA,Italy,No,07:41.19,461.19,452.12,9.07,2.006,2022,27.8,Budapest,HUN
M800,Men's 800m Freestyle,M,Men,800,41,Mykhailo Romanchuk,UKR,Ukraine,No,07:41.28,461.28,452.12,9.16,2.026,2021,25.0,Tokyo,JPN
M800,Men's 800m Freestyle,M,Men,800,42,Henrik Christiansen,NOR,Norway,No,07:41.28,461.28,452.12,9.16,2.026,2019,22.8,Gwangju,KOR
M800,Men's 800m Freestyle,M,Men,800,43,Lukas Maertens,GER,Germany,No,07:41.31,461.31,452.12,9.19,2.033,2026,24.3,Berlin,GER
M800,Men's 800m Freestyle,M,Men,800,44,Yang Sun,CHN,People's Republic of China,No,07:41.36,461.36,452.12,9.24,2.044,2013,21.7,Barcelona,ESP
M800,Men's 800m Freestyle,M,Men,800,45,Lukas Maertens,GER,Germany,No,07:41.43,461.43,452.12,9.31,2.059,2022,20.3,Stockholm,SWE
M800,Men's 800m Freestyle,M,Men,800,46,Daniel Wiffen,IRL,Ireland,No,07:41.52,461.52,452.12,9.4,2.079,2025,23.7,Dublin,IRL
M800,Men's 800m Freestyle,M,Men,800,47,Daniel Wiffen,IRL,Ireland,No,07:41.53,461.53,452.12,9.41,2.081,2024,23.0,Paris,FRA
M800,Men's 800m Freestyle,M,Men,800,48,Ahmed Jaouadi,TUN,Tunisia,No,07:41.58,461.58,452.12,9.46,2.092,2025,20.2,Singapore,SGP
M800,Men's 800m Freestyle,M,Men,800,49,Ian Thorpe,AUS,Australia,Yes,07:41.59,461.59,452.12,9.47,2.095,2001,18.5,Hobart,AUS
M800,Men's 800m Freestyle,M,Men,800,50,Gabriele Detti,ITA,Italy,No,07:41.64,461.64,452.12,9.52,2.106,2017,22.6,Riccione,ITA
M800,Men's 800m Freestyle,M,Men,800,51,Wojciech Wojdak,POL,Poland,No,07:41.73,461.73,452.12,9.61,2.126,2017,21.4,Budapest,HUN
M800,Men's 800m Freestyle,M,Men,800,52,Sven Schwarz,GER,Germany,No,07:41.77,461.77,452.12,9.65,2.134,2023,21.5,Dublin,IRL
M800,Men's 800m Freestyle,M,Men,800,53,Florian Wellbrock,GER,Germany,No,07:41.77,461.77,452.12,9.65,2.134,2021,23.9,Tokyo,JPN
M800,Men's 800m Freestyle,M,Men,800,54,Oussama Mellouli,TUN,Tunisia,No,07:41.82,461.82,452.12,9.7,2.145,2009,25.4,Rome,ITA
M800,Men's 800m Freestyle,M,Men,800,55,Ryan Cochrane,CAN,Canada,No,07:41.86,461.86,452.12,9.74,2.154,2011,22.7,Shanghai,CHN
M800,Men's 800m Freestyle,M,Men,800,56,Bobby Finke,USA,United States of America,No,07:41.87,461.87,452.12,9.75,2.157,2021,21.7,Tokyo,JPN
M800,Men's 800m Freestyle,M,Men,800,57,Ryan Cochrane,CAN,Canada,No,07:41.92,461.92,452.12,9.8,2.168,2009,20.7,Rome,ITA
M800,Men's 800m Freestyle,M,Men,800,58,Gregorio Paltrinieri,ITA,Italy,No,07:41.96,461.96,452.12,9.84,2.176,2021,26.6,Riccione,ITA
M800,Men's 800m Freestyle,M,Men,800,59,Ahmed Hafnaoui,TUN,Tunisia,No,07:41.97,461.97,452.12,9.85,2.179,2023,20.6,Fukuoka,JPN
M800,Men's 800m Freestyle,M,Men,800,60,Lukas Maertens,GER,Germany,No,07:42.04,462.04,452.12,9.92,2.194,2023,21.6,Fukuoka,JPN
M800,Men's 800m Freestyle,M,Men,800,61,Ahmed Jaouadi,TUN,Tunisia,No,07:42.07,462.07,452.12,9.95,2.201,2024,19.2,Paris,FRA
M800,Men's 800m Freestyle,M,Men,800,62,David Aubry,FRA,France,No,07:42.08,462.08,452.12,9.96,2.203,2019,22.7,Gwangju,KOR
M800,Men's 800m Freestyle,M,Men,800,63,Gregorio Paltrinieri,ITA,Italy,No,07:42.11,462.11,452.12,9.99,2.21,2021,26.9,Tokyo,JPN
M800,Men's 800m Freestyle,M,Men,800,64,Lukas Maertens,GER,Germany,No,07:42.14,462.14,452.12,10.02,2.216,2023,21.3,Berlin,GER
M800,Men's 800m Freestyle,M,Men,800,65,Samuel Short,AUS,Australia,Yes,07:42.22,462.22,452.12,10.1,2.234,2025,21.9,Singapore,SGP
M800,Men's 800m Freestyle,M,Men,800,66,Mykhailo Romanchuk,UKR,Ukraine,No,07:42.33,462.33,452.12,10.21,2.258,2021,25.0,Tokyo,JPN
M800,Men's 800m Freestyle,M,Men,800,67,Gregorio Paltrinieri,ITA,Italy,No,07:42.33,462.33,452.12,10.21,2.258,2016,21.7,London,GBR
M800,Men's 800m Freestyle,M,Men,800,68,Gregorio Paltrinieri,ITA,Italy,No,07:42.44,462.44,452.12,10.32,2.283,2017,22.9,Budapest,HUN
M800,Men's 800m Freestyle,M,Men,800,69,Aleksandr Stepanov,NAB,Neutral Athletes B,No,07:42.47,462.47,452.12,10.35,2.289,2023,19.3,Kazan,RUS
M800,Men's 800m Freestyle,M,Men,800,70,Gregorio Paltrinieri,ITA,Italy,No,07:42.48,462.48,452.12,10.36,2.291,2024,29.9,Paris,FRA
M800,Men's 800m Freestyle,M,Men,800,71,Mykhailo Romanchuk,UKR,Ukraine,No,07:42.49,462.49,452.12,10.37,2.294,2019,22.7,Stockholm,SWE
M800,Men's 800m Freestyle,M,Men,800,72,Jack Alan Mcloughlin,AUS,Australia,Yes,07:42.51,462.51,452.12,10.39,2.298,2021,26.4,Adelaide,AUS
M800,Men's 800m Freestyle,M,Men,800,73,Mykhailo Romanchuk,UKR,Ukraine,No,07:42.61,462.61,452.12,10.49,2.32,2021,24.8,Budapest,HUN
M800,Men's 800m Freestyle,M,Men,800,74,Jack Alan Mcloughlin,AUS,Australia,Yes,07:42.64,462.64,452.12,10.52,2.327,2019,24.5,Gwangju,KOR
M800,Men's 800m Freestyle,M,Men,800,75,Lukas Maertens,GER,Germany,No,07:42.65,462.65,452.12,10.53,2.329,2022,20.6,Rome,ITA
M800,Men's 800m Freestyle,M,Men,800,76,Florian Wellbrock,GER,Germany,No,07:42.68,462.68,452.12,10.56,2.336,2021,23.9,Tokyo,JPN
M800,Men's 800m Freestyle,M,Men,800,77,Bobby Finke,USA,United States of America,No,07:42.72,462.72,452.12,10.6,2.345,2021,21.7,Tokyo,JPN
M800,Men's 800m Freestyle,M,Men,800,78,Gabriele Detti,ITA,Italy,No,07:42.74,462.74,452.12,10.62,2.349,2014,19.6,Riccione,ITA
M800,Men's 800m Freestyle,M,Men,800,79,Ahmed Jaouadi,TUN,Tunisia,No,07:42.83,462.83,452.12,10.71,2.369,2024,19.2,Paris,FRA
M800,Men's 800m Freestyle,M,Men,800,80,Elijah Winnington,AUS,Australia,Yes,07:42.86,462.86,452.12,10.74,2.375,2024,24.2,Paris,FRA
M800,Men's 800m Freestyle,M,Men,800,81,Elijah Winnington,AUS,Australia,Yes,07:42.95,462.95,452.12,10.83,2.395,2024,23.8,Doha,QAT
M800,Men's 800m Freestyle,M,Men,800,82,Samuel Short,AUS,Australia,Yes,07:42.96,462.96,452.12,10.84,2.398,2023,19.6,Gold Coast,AUS
M800,Men's 800m Freestyle,M,Men,800,83,Mykhailo Romanchuk,UKR,Ukraine,No,07:42.96,462.96,452.12,10.84,2.398,2018,22.0,Glasgow,GBR
M800,Men's 800m Freestyle,M,Men,800,84,Gregorio Paltrinieri,ITA,Italy,No,07:42.98,462.98,452.12,10.86,2.402,2024,29.4,Doha,QAT
M800,Men's 800m Freestyle,M,Men,800,85,Florian Wellbrock,GER,Germany,No,07:42.99,462.99,452.12,10.87,2.404,2023,25.7,Berlin,GER
M800,Men's 800m Freestyle,M,Men,800,86,Bobby Finke,USA,United States of America,No,07:43.00,463.0,452.12,10.88,2.406,2024,24.7,Paris,FRA
M800,Men's 800m Freestyle,M,Men,800,87,Gregorio Paltrinieri,ITA,Italy,No,07:43.01,463.01,452.12,10.89,2.409,2014,19.6,Riccione,ITA
M800,Men's 800m Freestyle,M,Men,800,88,Florian Wellbrock,GER,Germany,No,07:43.03,463.03,452.12,10.91,2.413,2019,21.7,Stockholm,SWE
M800,Men's 800m Freestyle,M,Men,800,89,Gabriele Detti,ITA,Italy,No,07:43.06,463.06,452.12,10.94,2.42,2016,21.8,Rome,ITA
M800,Men's 800m Freestyle,M,Men,800,90,Elijah Winnington,AUS,Australia,Yes,07:43.08,463.08,452.12,10.96,2.424,2024,24.0,Gold Coast,AUS
M800,Men's 800m Freestyle,M,Men,800,91,Mykhailo Romanchuk,UKR,Ukraine,No,07:43.08,463.08,452.12,10.96,2.424,2023,27.0,Fukuoka,JPN
M800,Men's 800m Freestyle,M,Men,800,92,Florian Wellbrock,GER,Germany,No,07:43.10,463.1,452.12,10.98,2.429,2022,24.6,Stockholm,SWE
M800,Men's 800m Freestyle,M,Men,800,93,Bobby Finke,USA,United States of America,No,07:43.13,463.13,452.12,11.01,2.435,2025,25.6,Indianapolis,USA
M800,Men's 800m Freestyle,M,Men,800,94,Bobby Finke,USA,United States of America,No,07:43.32,463.32,452.12,11.2,2.477,2022,22.5,Greensboro,USA
M800,Men's 800m Freestyle,M,Men,800,95,Lorenzo Galossi,ITA,Italy,No,07:43.37,463.37,452.12,11.25,2.488,2022,16.2,Rome,ITA
M800,Men's 800m Freestyle,M,Men,800,96,Sven Schwarz,GER,Germany,No,07:43.43,463.43,452.12,11.31,2.502,2023,21.2,Berlin,GER
M800,Men's 800m Freestyle,M,Men,800,97,Lukas Maertens,GER,Germany,No,07:43.52,463.52,452.12,11.4,2.521,2024,22.5,Rome,ITA
M800,Men's 800m Freestyle,M,Men,800,98,Gabriele Detti,ITA,Italy,No,07:43.52,463.52,452.12,11.4,2.521,2016,21.7,London,GBR
M800,Men's 800m Freestyle,M,Men,800,99,David Aubry,FRA,France,No,07:43.59,463.59,452.12,11.47,2.537,2024,27.7,Paris,FRA
M800,Men's 800m Freestyle,M,Men,800,100,Sven Schwarz,GER,Germany,No,07:43.59,463.59,452.12,11.47,2.537,2024,22.5,Paris,FRA
M800,Men's 800m Freestyle,M,Men,800,101,Sven Schwarz,GER,Germany,No,07:43.60,463.6,452.12,11.48,2.539,2025,23.5,Singapore,SGP
M800,Men's 800m Freestyle,M,Men,800,102,Michael Mc Broom,USA,United States of America,No,07:43.60,463.6,452.12,11.48,2.539,2013,22.2,Barcelona,ESP
M800,Men's 800m Freestyle,M,Men,800,103,Ryan Cochrane,CAN,Canada,No,07:43.61,463.61,452.12,11.49,2.541,2013,24.4,Victoria,CAN
M800,Men's 800m Freestyle,M,Men,800,104,Ryan Cochrane,CAN,Canada,No,07:43.61,463.61,452.12,11.49,2.541,2009,20.7,Rome,ITA
M800,Men's 800m Freestyle,M,Men,800,105,Gregorio Paltrinieri,ITA,Italy,No,07:43.62,463.62,452.12,11.5,2.544,2021,26.7,Budapest,HUN
M800,Men's 800m Freestyle,M,Men,800,106,Sven Schwarz,GER,Germany,No,07:43.67,463.67,452.12,11.55,2.555,2024,22.5,Paris,FRA
M800,Men's 800m Freestyle,M,Men,800,107,Ryan Cochrane,CAN,Canada,No,07:43.70,463.7,452.12,11.58,2.561,2013,24.8,Barcelona,ESP
M800,Men's 800m Freestyle,M,Men,800,108,Zane Grothe,USA,United States of America,No,07:43.74,463.74,452.12,11.62,2.57,2018,26.3,Tokyo,JPN
M800,Men's 800m Freestyle,M,Men,800,109,Florian Wellbrock,GER,Germany,No,07:43.79,463.79,452.12,11.67,2.581,2025,27.7,Berlin,GER
M800,Men's 800m Freestyle,M,Men,800,110,Daniel Wiffen,IRL,Ireland,No,07:43.81,463.81,452.12,11.69,2.586,2023,22.0,Fukuoka,JPN
M800,Men's 800m Freestyle,M,Men,800,111,Grant Hackett,AUS,Australia,Yes,07:43.82,463.82,452.12,11.7,2.588,2003,23.2,Barcelona,ESP
M800,Men's 800m Freestyle,M,Men,800,112,Gabriele Detti,ITA,Italy,No,07:43.83,463.83,452.12,11.71,2.59,2019,24.6,Riccione,ITA
M800,Men's 800m Freestyle,M,Men,800,113,Federico Colbertaldo,ITA,Italy,No,07:43.84,463.84,452.12,11.72,2.592,2009,20.8,Rome,ITA
M800,Men's 800m Freestyle,M,Men,800,114,Bobby Finke,USA,United States of America,No,07:43.87,463.87,452.12,11.75,2.599,2023,23.7,Fukuoka,JPN
M800,Men's 800m Freestyle,M,Men,800,115,Gabriele Detti,ITA,Italy,No,07:43.89,463.89,452.12,11.77,2.603,2019,24.9,Gwangju,KOR
M800,Men's 800m Freestyle,M,Men,800,116,Mykhailo Romanchuk,UKR,Ukraine,No,07:43.90,463.9,452.12,11.78,2.606,2020,23.6,Kharkiv,UKR
M800,Men's 800m Freestyle,M,Men,800,117,Samuel Short,AUS,Australia,Yes,07:43.98,463.98,452.12,11.86,2.623,2024,20.6,Gold Coast,AUS
M800,Men's 800m Freestyle,M,Men,800,118,Bobby Finke,USA,United States of America,No,07:44.02,464.02,452.12,11.9,2.632,2025,25.7,Singapore,SGP
M800,Men's 800m Freestyle,M,Men,800,119,Mack Horton,AUS,Australia,Yes,07:44.02,464.02,452.12,11.9,2.632,2015,19.3,Kazan,RUS
M800,Men's 800m Freestyle,M,Men,800,120,Luca De Tullio,ITA,Italy,No,07:44.07,464.07,452.12,11.95,2.643,2024,20.9,Paris,FRA
M800,Men's 800m Freestyle,M,Men,800,121,Mykhailo Romanchuk,UKR,Ukraine,No,07:44.07,464.07,452.12,11.95,2.643,2023,27.0,Fukuoka,JPN
M800,Men's 800m Freestyle,M,Men,800,122,Yang Sun,CHN,People's Republic of China,No,07:44.12,464.12,452.12,12.0,2.654,2011,19.3,Wuhan,CHN
M800,Men's 800m Freestyle,M,Men,800,123,Gregorio Paltrinieri,ITA,Italy,No,07:44.19,464.19,452.12,12.07,2.67,2022,27.8,Budapest,HUN
M800,Men's 800m Freestyle,M,Men,800,124,Henrik Christiansen,NOR,Norway,No,07:44.21,464.21,452.12,12.09,2.674,2017,20.8,Budapest,HUN
M800,Men's 800m Freestyle,M,Men,800,125,Bobby Finke,USA,United States of America,No,07:44.22,464.22,452.12,12.1,2.676,2024,24.6,Indianapolis,USA
M800,Men's 800m Freestyle,M,Men,800,126,Connor Jaeger,USA,United States of America,No,07:44.26,464.26,452.12,12.14,2.685,2013,22.3,Barcelona,ESP
M800,Men's 800m Freestyle,M,Men,800,127,Mykhailo Romanchuk,UKR,Ukraine,No,07:44.27,464.27,452.12,12.15,2.687,2023,26.7,Berlin,GER
M800,Men's 800m Freestyle,M,Men,800,128,Sven Schwarz,GER,Germany,No,07:44.29,464.29,452.12,12.17,2.692,2024,22.0,Doha,QAT
M800,Men's 800m Freestyle,M,Men,800,129,Federico Colbertaldo,ITA,Italy,No,07:44.29,464.29,452.12,12.17,2.692,2009,20.8,Rome,ITA
M800,Men's 800m Freestyle,M,Men,800,130,David Davies,GBR,Great Britain,No,07:44.32,464.32,452.12,12.2,2.698,2009,24.4,Rome,ITA
M800,Men's 800m Freestyle,M,Men,800,131,Kristof Rasovszky,HUN,Hungary,No,07:44.42,464.42,452.12,12.3,2.721,2024,26.9,Doha,QAT
M800,Men's 800m Freestyle,M,Men,800,132,Zhanshuo Zhang,CHN,People's Republic of China,No,07:44.45,464.45,452.12,12.33,2.727,2026,18.9,Shenzhen,CHN
M800,Men's 800m Freestyle,M,Men,800,133,Daniel Wiffen,IRL,Ireland,No,07:44.45,464.45,452.12,12.33,2.727,2023,21.8,Stockholm,SWE
M800,Men's 800m Freestyle,M,Men,800,134,Grant Hackett,AUS,Australia,Yes,07:44.47,464.47,452.12,12.35,2.732,2001,21.2,Fukuoka,JPN
M800,Men's 800m Freestyle,M,Men,800,135,Connor Jaeger,USA,United States of America,No,07:44.51,464.51,452.12,12.39,2.74,2015,24.3,Kazan,RUS
M800,Men's 800m Freestyle,M,Men,800,136,Zane Grothe,USA,United States of America,No,07:44.57,464.57,452.12,12.45,2.754,2018,26.3,Irvine,USA
M800,Men's 800m Freestyle,M,Men,800,137,David Aubry,FRA,France,No,07:44.59,464.59,452.12,12.47,2.758,2024,27.7,Paris,FRA
M800,Men's 800m Freestyle,M,Men,800,138,Oliver Klemet,GER,Germany,No,07:44.61,464.61,452.12,12.49,2.763,2025,23.1,Berlin,GER
M800,Men's 800m Freestyle,M,Men,800,139,Mykhailo Romanchuk,UKR,Ukraine,No,07:44.75,464.75,452.12,12.63,2.794,2022,25.9,Budapest,HUN
M800,Men's 800m Freestyle,M,Men,800,140,Connor Jaeger,USA,United States of America,No,07:44.77,464.77,452.12,12.65,2.798,2015,24.3,Kazan,RUS
M800,Men's 800m Freestyle,M,Men,800,141,Grant Hackett,AUS,Australia,Yes,07:44.78,464.78,452.12,12.66,2.8,2002,22.3,Yokohama,JPN
M800,Men's 800m Freestyle,M,Men,800,142,Florian Wellbrock,GER,Germany,No,07:44.80,464.8,452.12,12.68,2.805,2022,24.8,Budapest,HUN
M800,Men's 800m Freestyle,M,Men,800,143,Victor Johansson,SWE,Sweden,No,07:44.81,464.81,452.12,12.69,2.807,2025,26.9,Singapore,SGP
M800,Men's 800m Freestyle,M,Men,800,144,Gregorio Paltrinieri,ITA,Italy,No,07:44.89,464.89,452.12,12.77,2.824,2023,28.9,Fukuoka,JPN
M800,Men's 800m Freestyle,M,Men,800,145,Elijah Winnington,AUS,Australia,Yes,07:44.90,464.9,452.12,12.78,2.827,2024,24.1,Brisbane,AUS
M800,Men's 800m Freestyle,M,Men,800,146,Oliver Klemet,GER,Germany,No,07:44.92,464.92,452.12,12.8,2.831,2025,23.1,Stockholm,SWE
M800,Men's 800m Freestyle,M,Men,800,147,Daniel Wiffen,IRL,Ireland,No,07:44.94,464.94,452.12,12.82,2.836,2023,22.1,Dublin,IRL
M800,Men's 800m Freestyle,M,Men,800,148,Gergo Kis,HUN,Hungary,No,07:44.94,464.94,452.12,12.82,2.836,2011,23.5,Shanghai,CHN
M800,Men's 800m Freestyle,M,Men,800,149,Gregorio Paltrinieri,ITA,Italy,No,07:44.97,464.97,452.12,12.85,2.842,2016,21.9,Rio de Janeiro,BRA
M800,Men's 800m Freestyle,M,Men,800,150,Gregorio Paltrinieri,ITA,Italy,No,07:44.98,464.98,452.12,12.86,2.844,2014,20.0,Berlin,GER
M800,Men's 800m Freestyle,M,Men,800,151,Jack Alan Mcloughlin,AUS,Australia,Yes,07:45.00,465.0,452.12,12.88,2.849,2021,26.5,Tokyo,JPN
M800,Men's 800m Freestyle,M,Men,800,152,Yang Sun,CHN,People's Republic of China,No,07:45.01,465.01,452.12,12.89,2.851,2019,27.6,Gwangju,KOR
M800,Men's 800m Freestyle,M,Men,800,153,Samuel Short,AUS,Australia,Yes,07:45.02,465.02,452.12,12.9,2.853,2025,21.5,Westmont,USA
M800,Men's 800m Freestyle,M,Men,800,154,Mykhailo Romanchuk,UKR,Ukraine,No,07:45.02,465.02,452.12,12.9,2.853,2022,26.0,Rome,ITA
M800,Men's 800m Freestyle,M,Men,800,155,Mykhailo Romanchuk,UKR,Ukraine,No,07:45.03,465.03,452.12,12.91,2.855,2022,26.0,Rome,ITA
M800,Men's 800m Freestyle,M,Men,800,156,Sergii Frolov,UKR,Ukraine,No,07:45.11,465.11,452.12,12.99,2.873,2021,29.3,Tokyo,JPN
M800,Men's 800m Freestyle,M,Men,800,157,Henrik Christiansen,NOR,Norway,No,07:45.11,465.11,452.12,12.99,2.873,2019,22.5,Stockholm,SWE
M800,Men's 800m Freestyle,M,Men,800,158,Samuel Short,AUS,Australia,Yes,07:45.12,465.12,452.12,13.0,2.875,2023,19.9,Fukuoka,JPN
M800,Men's 800m Freestyle,M,Men,800,159,Gregorio Paltrinieri,ITA,Italy,No,07:45.12,465.12,452.12,13.0,2.875,2018,23.9,Glasgow,GBR
M800,Men's 800m Freestyle,M,Men,800,160,Kuzey Tuncelli,TUR,Türkiye,No,07:45.13,465.13,452.12,13.01,2.878,2025,17.9,Singapore,SGP
M800,Men's 800m Freestyle,M,Men,800,161,Gregorio Paltrinieri,ITA,Italy,No,07:45.15,465.15,452.12,13.03,2.882,2015,20.9,Kazan,RUS
M800,Men's 800m Freestyle,M,Men,800,162,Daniel Wiffen,IRL,Ireland,No,07:45.17,465.17,452.12,13.05,2.886,2025,23.9,Barcelona,ESP
M800,Men's 800m Freestyle,M,Men,800,163,Bobby Finke,USA,United States of America,No,07:45.18,465.18,452.12,13.06,2.889,2024,24.7,Paris,FRA
M800,Men's 800m Freestyle,M,Men,800,164,Luke Whitlock,USA,United States of America,No,07:45.19,465.19,452.12,13.07,2.891,2024,18.3,Indianapolis,USA
M800,Men's 800m Freestyle,M,Men,800,165,Jordan Wilimovsky,USA,United States of America,No,07:45.19,465.19,452.12,13.07,2.891,2018,24.3,Tokyo,JPN
M800,Men's 800m Freestyle,M,Men,800,166,Yang Sun,CHN,People's Republic of China,No,07:45.29,465.29,452.12,13.17,2.913,2011,19.6,Shanghai,CHN
M800,Men's 800m Freestyle,M,Men,800,167,Elijah Winnington,AUS,Australia,Yes,07:45.30,465.3,452.12,13.18,2.915,2022,22.0,Adelaide,AUS
M800,Men's 800m Freestyle,M,Men,800,168,Ahmed Jaouadi,TUN,Tunisia,No,07:45.31,465.31,452.12,13.19,2.917,2024,19.1,Chartres,FRA
M800,Men's 800m Freestyle,M,Men,800,169,Gregorio Paltrinieri,ITA,Italy,No,07:45.31,465.31,452.12,13.19,2.917,2017,22.9,Budapest,HUN
M800,Men's 800m Freestyle,M,Men,800,170,Felix Auboeck,AUT,Austria,No,07:45.32,465.32,452.12,13.2,2.92,2022,25.3,Stockholm,SWE
M800,Men's 800m Freestyle,M,Men,800,171,Gregorio Paltrinieri,ITA,Italy,No,07:45.35,465.35,452.12,13.23,2.926,2019,24.6,Riccione,ITA
M800,Men's 800m Freestyle,M,Men,800,172,Ryan Cochrane,CAN,Canada,No,07:45.39,465.39,452.12,13.27,2.935,2014,25.8,Gold Coast,AUS
M800,Men's 800m Freestyle,M,Men,800,173,Gregorio Paltrinieri,ITA,Italy,No,07:45.41,465.41,452.12,13.29,2.939,2020,25.9,Rome,ITA
M800,Men's 800m Freestyle,M,Men,800,174,Yang Sun,CHN,People's Republic of China,No,07:45.45,465.45,452.12,13.33,2.948,2012,20.7,London,GBR
M800,Men's 800m Freestyle,M,Men,800,175,Guilherme Costa,BRA,Brazil,No,07:45.48,465.48,452.12,13.36,2.955,2022,23.7,Budapest,HUN
M800,Men's 800m Freestyle,M,Men,800,176,Gregorio Paltrinieri,ITA,Italy,No,07:45.53,465.53,452.12,13.41,2.966,2018,23.6,Riccione,ITA
M800,Men's 800m Freestyle,M,Men,800,177,Gregorio Paltrinieri,ITA,Italy,No,07:45.53,465.53,452.12,13.41,2.966,2018,23.6,Riccione,ITA
M800,Men's 800m Freestyle,M,Men,800,178,Lukas Maertens,GER,Germany,No,07:45.54,465.54,452.12,13.42,2.968,2025,23.6,Singapore,SGP
M800,Men's 800m Freestyle,M,Men,800,179,Ahmed Hafnaoui,TUN,Tunisia,No,07:45.54,465.54,452.12,13.42,2.968,2021,18.5,Chartres,FRA
M800,Men's 800m Freestyle,M,Men,800,180,Pal Joensen,FRO,Faroe Islands,No,07:45.55,465.55,452.12,13.43,2.97,2011,20.6,Shanghai,CHN
M800,Men's 800m Freestyle,M,Men,800,181,Gregorio Paltrinieri,ITA,Italy,No,07:45.57,465.57,452.12,13.45,2.975,2017,22.9,Budapest,HUN
M800,Men's 800m Freestyle,M,Men,800,182,Ryan Cochrane,CAN,Canada,No,07:45.57,465.57,452.12,13.45,2.975,2011,22.7,Shanghai,CHN
M800,Men's 800m Freestyle,M,Men,800,183,Daniel Wiffen,IRL,Ireland,No,07:45.59,465.59,452.12,13.47,2.979,2023,22.1,Dublin,IRL
M800,Men's 800m Freestyle,M,Men,800,184,Florian Wellbrock,GER,Germany,No,07:45.60,465.6,452.12,13.48,2.982,2018,21.0,Glasgow,GBR
M800,Men's 800m Freestyle,M,Men,800,185,Yang Sun,CHN,People's Republic of China,No,07:45.60,465.6,452.12,13.48,2.982,2013,21.3,Zhengzhou,CHN
M800,Men's 800m Freestyle,M,Men,800,186,Daniel Wiffen,IRL,Ireland,No,07:45.61,465.61,452.12,13.49,2.984,2023,22.4,Rotterdam,NED
M800,Men's 800m Freestyle,M,Men,800,187,Florian Wellbrock,GER,Germany,No,07:45.63,465.63,452.12,13.51,2.988,2025,27.8,London,GBR
M800,Men's 800m Freestyle,M,Men,800,188,Larsen Jensen,USA,United States of America,No,07:45.63,465.63,452.12,13.51,2.988,2005,19.9,Montreal,CAN
M800,Men's 800m Freestyle,M,Men,800,189,Oliver Klemet,GER,Germany,No,07:45.66,465.66,452.12,13.54,2.995,2026,24.1,Stockholm,SWE
M800,Men's 800m Freestyle,M,Men,800,190,Henrik Christiansen,NOR,Norway,No,07:45.66,465.66,452.12,13.54,2.995,2015,18.8,Kazan,RUS
M800,Men's 800m Freestyle,M,Men,800,191,Mack Horton,AUS,Australia,Yes,07:45.67,465.67,452.12,13.55,2.997,2013,17.3,Dubai,UAE
M800,Men's 800m Freestyle,M,Men,800,192,Gregorio Paltrinieri,ITA,Italy,No,07:45.70,465.7,452.12,13.58,3.004,2019,24.9,Gwangju,KOR
M800,Men's 800m Freestyle,M,Men,800,193,Gregorio Paltrinieri,ITA,Italy,No,07:45.72,465.72,452.12,13.6,3.008,2024,29.9,Paris,FRA
M800,Men's 800m Freestyle,M,Men,800,194,Felix Auboeck,AUT,Austria,No,07:45.73,465.73,452.12,13.61,3.01,2021,24.6,Tokyo,JPN
M800,Men's 800m Freestyle,M,Men,800,195,Elijah Winnington,AUS,Australia,Yes,07:45.75,465.75,452.12,13.63,3.015,2023,23.1,Melbourne,AUS
M800,Men's 800m Freestyle,M,Men,800,196,Gregorio Paltrinieri,ITA,Italy,No,07:45.76,465.76,452.12,13.64,3.017,2017,23.0,Taipei City,TPE
M800,Men's 800m Freestyle,M,Men,800,197,Daniel Wiffen,IRL,Ireland,No,07:45.79,465.79,452.12,13.67,3.024,2024,22.6,Doha,QAT
M800,Men's 800m Freestyle,M,Men,800,198,Luca De Tullio,ITA,Italy,No,07:45.80,465.8,452.12,13.68,3.026,2024,20.8,Rome,ITA
M800,Men's 800m Freestyle,M,Men,800,199,Guilherme Costa,BRA,Brazil,No,07:45.80,465.8,452.12,13.68,3.026,2023,24.8,Fukuoka,JPN
M800,Men's 800m Freestyle,M,Men,800,200,Gregorio Paltrinieri,ITA,Italy,No,07:45.80,465.8,452.12,13.68,3.026,2022,27.9,Rome,ITA
